article_id,title,newspaper_id,newspaper_title,page,date,category,words,illustrated,corrections,url,page_url
100021074,FAREWELL TO MR. AND MRS. T. J. EDWARDS AND THE MISSES EDWARDS.,372,"Northern Argus (Clare, SA : 1869 - 1954)",5,1925-11-20,Article,505,N,0,https://nla.gov.au/nla.news-article100021074,http://trove.nla.gov.au/newspaper/page/9617152
100021742,Advertising,372,"Northern Argus (Clare, SA : 1869 - 1954)",4,1925-09-18,Advertising,2368,N,0,https://nla.gov.au/nla.news-article100021742,http://trove.nla.gov.au/newspaper/page/9617079
100022206,FOOTBALL. STANLEY ASSOCIATION. WATERVALE V. STANLEY FLAT.,372,"Northern Argus (Clare, SA : 1869 - 1954)",6,1925-06-12,Article,494,N,0,https://nla.gov.au/nla.news-article100022206,http://trove.nla.gov.au/newspaper/page/9616969
100022284,South Clare v. Stanley Flat,372,"Northern Argus (Clare, SA : 1869 - 1954)",7,1925-07-10,Article,750,N,0,https://nla.gov.au/nla.news-article100022284,http://trove.nla.gov.au/newspaper/page/9617002
100023153,ADELAIDE SHOW.,372,"Northern Argus (Clare, SA : 1869 - 1954)",5,1925-09-04,Article,788,N,0,https://nla.gov.au/nla.news-article100023153,http://trove.nla.gov.au/newspaper/page/9617064
10002341,LABOUR INCAPACITY.,10,"The Mercury (Hobart, Tas. : 1860 - 1954)",4,1909-12-14,Article,1182,N,0,https://nla.gov.au/nla.news-article10002341,http://trove.nla.gov.au/newspaper/page/873651
100023961,Advertising,372,"Northern Argus (Clare, SA : 1869 - 1954)",4,1925-08-21,Advertising,2185,N,0,https://nla.gov.au/nla.news-article100023961,http://trove.nla.gov.au/newspaper/page/9617047
100024090,Black and white Dances.,372,"Northern Argus (Clare, SA : 1869 - 1954)",5,1925-05-22,Article,174,N,0,https://nla.gov.au/nla.news-article100024090,http://trove.nla.gov.au/newspaper/page/9616944
100024167,No title,429,The Cessnock Eagle and South Maitland Recorder (NSW : 1913 - 1954),2,1946-12-20,Article,43,Y,0,https://nla.gov.au/nla.news-article100024167,http://trove.nla.gov.au/newspaper/page/10626753
100024215,Family Notices,429,The Cessnock Eagle and South Maitland Recorder (NSW : 1913 - 1954),4,1946-12-20,Family Notices,903,N,2,https://nla.gov.au/nla.news-article100024215,http://trove.nla.gov.au/newspaper/page/10626755
100024254,PERSONAL,429,The Cessnock Eagle and South Maitland Recorder (NSW : 1913 - 1954),5,1946-12-20,Article,1334,N,0,https://nla.gov.au/nla.news-article100024254,http://trove.nla.gov.au/newspaper/page/10626756
100024339,CRICKET WEEK-END FIXTURES,429,The Cessnock Eagle and South Maitland Recorder (NSW : 1913 - 1954),5,1946-12-13,Article,430,Y,0,https://nla.gov.au/nla.news-article100024339,http://trove.nla.gov.au/newspaper/page/10626738
100024384,PAXTON SCHOOL PICNIC,429,The Cessnock Eagle and South Maitland Recorder (NSW : 1913 - 1954),9,1946-12-13,Article,531,N,1,https://nla.gov.au/nla.news-article100024384,http://trove.nla.gov.au/newspaper/page/10626742
100024390,BOXING,429,The Cessnock Eagle and South Maitland Recorder (NSW : 1913 - 1954),7,1946-12-13,Article,458,Y,0,https://nla.gov.au/nla.news-article100024390,http://trove.nla.gov.au/newspaper/page/10626740
100024798,Advertising,429,The Cessnock Eagle and South Maitland Recorder (NSW : 1913 - 1954),2,1946-02-08,Advertising,486,N,0,https://nla.gov.au/nla.news-article100024798,http://trove.nla.gov.au/newspaper/page/10626124
100024961,Advertising,429,The Cessnock Eagle and South Maitland Recorder (NSW : 1913 - 1954),2,1946-07-09,Advertising,2508,N,0,https://nla.gov.au/nla.news-article100024961,http://trove.nla.gov.au/newspaper/page/10626399
100024980,Advertising,429,The Cessnock Eagle and South Maitland Recorder (NSW : 1913 - 1954),4,1946-07-09,Advertising,2601,N,0,https://nla.gov.au/nla.news-article100024980,http://trove.nla.gov.au/newspaper/page/10626401
100025157,WEST CESSNOCK CONGREGATIONAL CHURCH. Sunday School Anniversary Tea and Concert.,429,The Cessnock Eagle and South Maitland Recorder (NSW : 1913 - 1954),3,1945-10-19,Article,238,N,4,https://nla.gov.au/nla.news-article100025157,http://trove.nla.gov.au/newspaper/page/10625955
100026046,NEWS ABOUT FILM STARS,429,The Cessnock Eagle and South Maitland Recorder (NSW : 1913 - 1954),10,1946-07-05,Article,638,Y,0,https://nla.gov.au/nla.news-article100026046,http://trove.nla.gov.au/newspaper/page/10626397
100026060,CHURCH OF CHRIST,429,The Cessnock Eagle and South Maitland Recorder (NSW : 1913 - 1954),10,1946-07-05,Article,232,N,0,https://nla.gov.au/nla.news-article100026060,http://trove.nla.gov.au/newspaper/page/10626397
100026180,HOSPITAL PATIENTS,429,The Cessnock Eagle and South Maitland Recorder (NSW : 1913 - 1954),1,1946-08-20,Article,467,N,1,https://nla.gov.au/nla.news-article100026180,http://trove.nla.gov.au/newspaper/page/10626484
100026267,MEN OF THE FIGHTING FORCES Exploits of Ex-Cessnock Men.,429,The Cessnock Eagle and South Maitland Recorder (NSW : 1913 - 1954),7,1945-09-07,Article,562,N,0,https://nla.gov.au/nla.news-article100026267,http://trove.nla.gov.au/newspaper/page/10625887
100026573,CRICKET G. PRICE MAKES 127 n.o. FOR WESTON,429,The Cessnock Eagle and South Maitland Recorder (NSW : 1913 - 1954),4,1946-12-03,"Detailed lists, results, guides",389,Y,0,https://nla.gov.au/nla.news-article100026573,http://trove.nla.gov.au/newspaper/page/10626715
100026667,PERSONAL,429,The Cessnock Eagle and South Maitland Recorder (NSW : 1913 - 1954),5,1946-08-30,Article,1874,N,0,https://nla.gov.au/nla.news-article100026667,http://trove.nla.gov.au/newspaper/page/10626506
100026938,Weston Methodist Eisteddfod,429,The Cessnock Eagle and South Maitland Recorder (NSW : 1913 - 1954),3,1946-09-10,"Detailed lists, results, guides",908,N,0,https://nla.gov.au/nla.news-article100026938,http://trove.nla.gov.au/newspaper/page/10626528
100026990,PERSONAL,429,The Cessnock Eagle and South Maitland Recorder (NSW : 1913 - 1954),3,1946-09-10,Article,434,N,0,https://nla.gov.au/nla.news-article100026990,http://trove.nla.gov.au/newspaper/page/10626528
100027157,Advertising,429,The Cessnock Eagle and South Maitland Recorder (NSW : 1913 - 1954),2,1945-02-16,Advertising,620,N,0,https://nla.gov.au/nla.news-article100027157,http://trove.nla.gov.au/newspaper/page/10625535
100027307,Hospital Patients,429,The Cessnock Eagle and South Maitland Recorder (NSW : 1913 - 1954),3,1946-03-26,Article,431,N,1,https://nla.gov.au/nla.news-article100027307,http://trove.nla.gov.au/newspaper/page/10626205
100027352,Advertising,429,The Cessnock Eagle and South Maitland Recorder (NSW : 1913 - 1954),2,1946-11-08,Advertising,702,N,0,https://nla.gov.au/nla.news-article100027352,http://trove.nla.gov.au/newspaper/page/10626655
100027381,Advertising,429,The Cessnock Eagle and South Maitland Recorder (NSW : 1913 - 1954),4,1946-11-08,Advertising,2415,N,0,https://nla.gov.au/nla.news-article100027381,http://trove.nla.gov.au/newspaper/page/10626657
100027388,Kurri's First Synod.,429,The Cessnock Eagle and South Maitland Recorder (NSW : 1913 - 1954),3,1946-11-08,Article,528,N,0,https://nla.gov.au/nla.news-article100027388,http://trove.nla.gov.au/newspaper/page/10626656
100027442,Hollywood REPORTS.,429,The Cessnock Eagle and South Maitland Recorder (NSW : 1913 - 1954),10,1946-11-08,Article,614,Y,0,https://nla.gov.au/nla.news-article100027442,http://trove.nla.gov.au/newspaper/page/10626663
100027455,BOXING O'BRIEN v. HODGES,429,The Cessnock Eagle and South Maitland Recorder (NSW : 1913 - 1954),5,1946-11-08,Article,131,Y,0,https://nla.gov.au/nla.news-article100027455,http://trove.nla.gov.au/newspaper/page/10626658
100027656,Hollywood REPORTS.,429,The Cessnock Eagle and South Maitland Recorder (NSW : 1913 - 1954),3,1946-09-06,Article,619,Y,0,https://nla.gov.au/nla.news-article100027656,http://trove.nla.gov.au/newspaper/page/10626518
100027705,Children's Frolic at Weston.,429,The Cessnock Eagle and South Maitland Recorder (NSW : 1913 - 1954),10,1946-09-06,"Detailed lists, results, guides",216,N,0,https://nla.gov.au/nla.news-article100027705,http://trove.nla.gov.au/newspaper/page/10626525
100027729,Advertising,429,The Cessnock Eagle and South Maitland Recorder (NSW : 1913 - 1954),5,1946-09-06,Advertising,452,N,0,https://nla.gov.au/nla.news-article100027729,http://trove.nla.gov.au/newspaper/page/10626520
100027825,HIGH SCHOOL NOTES PLAY DAY,429,The Cessnock Eagle and South Maitland Recorder (NSW : 1913 - 1954),5,1946-08-09,Article,1286,N,1,https://nla.gov.au/nla.news-article100027825,http://trove.nla.gov.au/newspaper/page/10626464
100027898,PERSONAL ITEMS,429,The Cessnock Eagle and South Maitland Recorder (NSW : 1913 - 1954),5,1945-11-02,Article,2029,N,2,https://nla.gov.au/nla.news-article100027898,http://trove.nla.gov.au/newspaper/page/10625983
100028106,Family Notices,429,The Cessnock Eagle and South Maitland Recorder (NSW : 1913 - 1954),2,1945-03-29,Family Notices,371,N,1,https://nla.gov.au/nla.news-article100028106,http://trove.nla.gov.au/newspaper/page/10625607
100028255,Hospital Patients,429,The Cessnock Eagle and South Maitland Recorder (NSW : 1913 - 1954),3,1945-10-02,Article,412,N,1,https://nla.gov.au/nla.news-article100028255,http://trove.nla.gov.au/newspaper/page/10625927
100028497,Family Notices,429,The Cessnock Eagle and South Maitland Recorder (NSW : 1913 - 1954),2,1945-12-10,Family Notices,16,N,17,https://nla.gov.au/nla.news-article100028497,http://trove.nla.gov.au/newspaper/page/10626052
100028535,PERSONAL,429,The Cessnock Eagle and South Maitland Recorder (NSW : 1913 - 1954),3,1945-12-10,Article,96,N,0,https://nla.gov.au/nla.news-article100028535,http://trove.nla.gov.au/newspaper/page/10626053
100029155,PERSONAL,429,The Cessnock Eagle and South Maitland Recorder (NSW : 1913 - 1954),3,1945-01-09,Article,636,N,3,https://nla.gov.au/nla.news-article100029155,http://trove.nla.gov.au/newspaper/page/10625476
100029243,BOXING,429,The Cessnock Eagle and South Maitland Recorder (NSW : 1913 - 1954),4,1946-10-15,Article,493,Y,0,https://nla.gov.au/nla.news-article100029243,http://trove.nla.gov.au/newspaper/page/10626605
100029254,Advertising,429,The Cessnock Eagle and South Maitland Recorder (NSW : 1913 - 1954),2,1946-10-15,Advertising,2750,N,0,https://nla.gov.au/nla.news-article100029254,http://trove.nla.gov.au/newspaper/page/10626603
100029292,BOXING ELLIS DEFEATS OLIVER,429,The Cessnock Eagle and South Maitland Recorder (NSW : 1913 - 1954),5,1946-12-16,Article,750,Y,1,https://nla.gov.au/nla.news-article100029292,http://trove.nla.gov.au/newspaper/page/10626749
100029374,"CESSNOCK HIGH SCHOOL PREFECTS, 1946.",429,The Cessnock Eagle and South Maitland Recorder (NSW : 1913 - 1954),4,1946-12-16,Article,94,Y,1,https://nla.gov.au/nla.news-article100029374,http://trove.nla.gov.au/newspaper/page/10626748
100029427,High School Cricket,429,The Cessnock Eagle and South Maitland Recorder (NSW : 1913 - 1954),8,1946-03-15,Article,249,N,0,https://nla.gov.au/nla.news-article100029427,http://trove.nla.gov.au/newspaper/page/10626190
100029503,PERSONAL,429,The Cessnock Eagle and South Maitland Recorder (NSW : 1913 - 1954),5,1946-03-15,Article,1212,N,1,https://nla.gov.au/nla.news-article100029503,http://trove.nla.gov.au/newspaper/page/10626187
100029702,Family Notices,429,The Cessnock Eagle and South Maitland Recorder (NSW : 1913 - 1954),4,1946-10-11,Family Notices,485,N,0,https://nla.gov.au/nla.news-article100029702,http://trove.nla.gov.au/newspaper/page/10626595
100029767,Vacation Swimming School. SOME PROMISING SWIMMERS DISCOVERED.,429,The Cessnock Eagle and South Maitland Recorder (NSW : 1913 - 1954),4,1945-01-16,Article,660,N,0,https://nla.gov.au/nla.news-article100029767,http://trove.nla.gov.au/newspaper/page/10625487
100030379,Family Notices,429,The Cessnock Eagle and South Maitland Recorder (NSW : 1913 - 1954),4,1945-10-12,Family Notices,567,N,0,https://nla.gov.au/nla.news-article100030379,http://trove.nla.gov.au/newspaper/page/10625944
100030600,Church of Christ Anniversary,429,The Cessnock Eagle and South Maitland Recorder (NSW : 1913 - 1954),8,1946-09-27,"Detailed lists, results, guides",238,N,0,https://nla.gov.au/nla.news-article100030600,http://trove.nla.gov.au/newspaper/page/10626569
100031941,HOSPITAL PATIENTS,429,The Cessnock Eagle and South Maitland Recorder (NSW : 1913 - 1954),1,1945-04-10,"Detailed lists, results, guides",338,N,0,https://nla.gov.au/nla.news-article100031941,http://trove.nla.gov.au/newspaper/page/10625621
100031959,PERSONAL,429,The Cessnock Eagle and South Maitland Recorder (NSW : 1913 - 1954),3,1945-04-10,Article,1358,N,0,https://nla.gov.au/nla.news-article100031959,http://trove.nla.gov.au/newspaper/page/10625623
100032003,PERSONAL,429,The Cessnock Eagle and South Maitland Recorder (NSW : 1913 - 1954),5,1945-02-23,Article,1466,N,0,https://nla.gov.au/nla.news-article100032003,http://trove.nla.gov.au/newspaper/page/10625550
100032161,CESSNOCK HIGH'S SUCCESS Boys Win Juvenile Shield.,429,The Cessnock Eagle and South Maitland Recorder (NSW : 1913 - 1954),4,1946-03-19,Article,630,N,0,https://nla.gov.au/nla.news-article100032161,http://trove.nla.gov.au/newspaper/page/10626194
100032168,CHURCH OF CHRIST.,429,The Cessnock Eagle and South Maitland Recorder (NSW : 1913 - 1954),3,1946-03-19,Article,109,N,0,https://nla.gov.au/nla.news-article100032168,http://trove.nla.gov.au/newspaper/page/10626193
100032272,Family Notices,429,The Cessnock Eagle and South Maitland Recorder (NSW : 1913 - 1954),2,1945-06-19,Family Notices,917,N,0,https://nla.gov.au/nla.news-article100032272,http://trove.nla.gov.au/newspaper/page/10625748
100032381,PERSONAL,429,The Cessnock Eagle and South Maitland Recorder (NSW : 1913 - 1954),3,1945-03-06,Article,972,N,2,https://nla.gov.au/nla.news-article100032381,http://trove.nla.gov.au/newspaper/page/10625568
100032393,HOSPITAL PATENTS,429,The Cessnock Eagle and South Maitland Recorder (NSW : 1913 - 1954),1,1945-02-20,Article,437,N,0,https://nla.gov.au/nla.news-article100032393,http://trove.nla.gov.au/newspaper/page/10625542
100032458,CESSNOCK HIGH SCHOOL'S SPEECH DAY Criticism Of Unsatisfactory Annexe. Appeal to Parents to join P. and C.,429,The Cessnock Eagle and South Maitland Recorder (NSW : 1913 - 1954),6,1946-12-10,Article,4325,N,4,https://nla.gov.au/nla.news-article100032458,http://trove.nla.gov.au/newspaper/page/10626733
100032465,Advertising,429,The Cessnock Eagle and South Maitland Recorder (NSW : 1913 - 1954),2,1946-12-10,Advertising,2926,N,0,https://nla.gov.au/nla.news-article100032465,http://trove.nla.gov.au/newspaper/page/10626729
100032466,Hollywood REPORTS,429,The Cessnock Eagle and South Maitland Recorder (NSW : 1913 - 1954),5,1946-12-10,Article,802,N,0,https://nla.gov.au/nla.news-article100032466,http://trove.nla.gov.au/newspaper/page/10626732
100032622,Cessnock High School PUPILS TO GAIN ADMISSION,429,The Cessnock Eagle and South Maitland Recorder (NSW : 1913 - 1954),6,1945-12-18,"Detailed lists, results, guides",737,N,1,https://nla.gov.au/nla.news-article100032622,http://trove.nla.gov.au/newspaper/page/10626061
100032811,Hospital Patients,429,The Cessnock Eagle and South Maitland Recorder (NSW : 1913 - 1954),3,1945-10-30,Article,303,N,1,https://nla.gov.au/nla.news-article100032811,http://trove.nla.gov.au/newspaper/page/10625975
100033089,Family Notices,429,The Cessnock Eagle and South Maitland Recorder (NSW : 1913 - 1954),4,1945-11-23,Family Notices,670,N,8,https://nla.gov.au/nla.news-article100033089,http://trove.nla.gov.au/newspaper/page/10626020
100033185,Cessnock District Hospital Patients,429,The Cessnock Eagle and South Maitland Recorder (NSW : 1913 - 1954),1,1946-11-26,Article,849,N,3,https://nla.gov.au/nla.news-article100033185,http://trove.nla.gov.au/newspaper/page/10626696
100033476,HIGH SCHOOL CRICKET,429,The Cessnock Eagle and South Maitland Recorder (NSW : 1913 - 1954),3,1946-02-19,Article,228,N,0,https://nla.gov.au/nla.news-article100033476,http://trove.nla.gov.au/newspaper/page/10626145
100033547,Advertising,429,The Cessnock Eagle and South Maitland Recorder (NSW : 1913 - 1954),2,1946-11-01,Advertising,544,N,0,https://nla.gov.au/nla.news-article100033547,http://trove.nla.gov.au/newspaper/page/10626641
100033567,HIGH SCHOOL CRICKET Cessnock High Wins Competition,429,The Cessnock Eagle and South Maitland Recorder (NSW : 1913 - 1954),3,1946-11-01,Article,326,N,0,https://nla.gov.au/nla.news-article100033567,http://trove.nla.gov.au/newspaper/page/10626642
100033619,High School Cricket NEWCASTLE HIGH v. CESSNOCK.,429,The Cessnock Eagle and South Maitland Recorder (NSW : 1913 - 1954),4,1945-03-20,Article,548,N,1,https://nla.gov.au/nla.news-article100033619,http://trove.nla.gov.au/newspaper/page/10625593
100033649,PERSONAL,429,The Cessnock Eagle and South Maitland Recorder (NSW : 1913 - 1954),3,1945-03-20,Article,944,N,1,https://nla.gov.au/nla.news-article100033649,http://trove.nla.gov.au/newspaper/page/10625592
100033849,BOXING WILLIAMS AND O'BERIEN IN GOOD BOUT.,429,The Cessnock Eagle and South Maitland Recorder (NSW : 1913 - 1954),4,1946-10-22,Article,773,Y,0,https://nla.gov.au/nla.news-article100033849,http://trove.nla.gov.au/newspaper/page/10626621
100033861,Paxton P. and C. Children's Frolic,429,The Cessnock Eagle and South Maitland Recorder (NSW : 1913 - 1954),3,1946-10-22,Article,448,N,1,https://nla.gov.au/nla.news-article100033861,http://trove.nla.gov.au/newspaper/page/10626620
100033878,A PLEA FOR INNOCENT WOMEN,429,The Cessnock Eagle and South Maitland Recorder (NSW : 1913 - 1954),6,1946-10-22,Article,1502,N,0,https://nla.gov.au/nla.news-article100033878,http://trove.nla.gov.au/newspaper/page/10626623
100034066,HIGH SCHOOL FOOTBALL,429,The Cessnock Eagle and South Maitland Recorder (NSW : 1913 - 1954),4,1946-06-25,Article,311,N,0,https://nla.gov.au/nla.news-article100034066,http://trove.nla.gov.au/newspaper/page/10626373
100034229,BOXING,429,The Cessnock Eagle and South Maitland Recorder (NSW : 1913 - 1954),4,1946-11-12,Article,248,Y,0,https://nla.gov.au/nla.news-article100034229,http://trove.nla.gov.au/newspaper/page/10626667
100034234,Advertising,429,The Cessnock Eagle and South Maitland Recorder (NSW : 1913 - 1954),2,1946-11-12,Advertising,2134,N,0,https://nla.gov.au/nla.news-article100034234,http://trove.nla.gov.au/newspaper/page/10626665
100034267,Hollywood REPORTS.,429,The Cessnock Eagle and South Maitland Recorder (NSW : 1913 - 1954),6,1946-11-12,Article,672,N,0,https://nla.gov.au/nla.news-article100034267,http://trove.nla.gov.au/newspaper/page/10626669
100034793,Advertising,429,The Cessnock Eagle and South Maitland Recorder (NSW : 1913 - 1954),2,1946-07-19,Advertising,687,N,0,https://nla.gov.au/nla.news-article100034793,http://trove.nla.gov.au/newspaper/page/10626419
100034868,Family Notices,429,The Cessnock Eagle and South Maitland Recorder (NSW : 1913 - 1954),2,1945-11-06,Family Notices,619,N,3,https://nla.gov.au/nla.news-article100034868,http://trove.nla.gov.au/newspaper/page/10625988
100035003,McCREA AND DON LEVY FRIENDLY ENEMIES.,429,The Cessnock Eagle and South Maitland Recorder (NSW : 1913 - 1954),9,1946-10-25,Article,131,N,0,https://nla.gov.au/nla.news-article100035003,http://trove.nla.gov.au/newspaper/page/10626632
100035020,Advertising,429,The Cessnock Eagle and South Maitland Recorder (NSW : 1913 - 1954),2,1946-10-25,Advertising,528,N,0,https://nla.gov.au/nla.news-article100035020,http://trove.nla.gov.au/newspaper/page/10626625
100035116,SWIMMING,429,The Cessnock Eagle and South Maitland Recorder (NSW : 1913 - 1954),6,1946-10-25,"Detailed lists, results, guides",479,Y,0,https://nla.gov.au/nla.news-article100035116,http://trove.nla.gov.au/newspaper/page/10626629
100035117,CRICKET,429,The Cessnock Eagle and South Maitland Recorder (NSW : 1913 - 1954),6,1946-10-25,Article,440,Y,0,https://nla.gov.au/nla.news-article100035117,http://trove.nla.gov.au/newspaper/page/10626629
100035130,Advertising,429,The Cessnock Eagle and South Maitland Recorder (NSW : 1913 - 1954),2,1946-07-16,Advertising,2610,N,1,https://nla.gov.au/nla.news-article100035130,http://trove.nla.gov.au/newspaper/page/10626413
100035213,Hollywood REPORTS,429,The Cessnock Eagle and South Maitland Recorder (NSW : 1913 - 1954),5,1946-07-16,Article,527,N,0,https://nla.gov.au/nla.news-article100035213,http://trove.nla.gov.au/newspaper/page/10626416
100035307,High School Cricket,429,The Cessnock Eagle and South Maitland Recorder (NSW : 1913 - 1954),2,1946-03-08,Article,388,N,0,https://nla.gov.au/nla.news-article100035307,http://trove.nla.gov.au/newspaper/page/10626170
100035356,Cricket CESSNOCK v. NEWCASTLE.,429,The Cessnock Eagle and South Maitland Recorder (NSW : 1913 - 1954),6,1946-03-08,"Detailed lists, results, guides",325,N,0,https://nla.gov.au/nla.news-article100035356,http://trove.nla.gov.au/newspaper/page/10626174
100035500,Family Notices,429,The Cessnock Eagle and South Maitland Recorder (NSW : 1913 - 1954),4,1946-04-18,Family Notices,418,N,3,https://nla.gov.au/nla.news-article100035500,http://trove.nla.gov.au/newspaper/page/10626250
100035551,Hospital Patients,429,The Cessnock Eagle and South Maitland Recorder (NSW : 1913 - 1954),1,1945-11-27,Article,428,N,1,https://nla.gov.au/nla.news-article100035551,http://trove.nla.gov.au/newspaper/page/10626025
100035773,Family Notices,429,The Cessnock Eagle and South Maitland Recorder (NSW : 1913 - 1954),4,1945-09-14,Family Notices,507,N,0,https://nla.gov.au/nla.news-article100035773,http://trove.nla.gov.au/newspaper/page/10625896
100035968,PERSONAL,429,The Cessnock Eagle and South Maitland Recorder (NSW : 1913 - 1954),3,1945-05-01,Article,777,N,0,https://nla.gov.au/nla.news-article100035968,http://trove.nla.gov.au/newspaper/page/10625665
100036155,Children's Frolic EAST CESSNOCK PUBLIC SCHOOL.,429,The Cessnock Eagle and South Maitland Recorder (NSW : 1913 - 1954),7,1946-11-22,Article,194,N,1,https://nla.gov.au/nla.news-article100036155,http://trove.nla.gov.au/newspaper/page/10626692
100036355,Family Notices,429,The Cessnock Eagle and South Maitland Recorder (NSW : 1913 - 1954),4,1946-07-26,Family Notices,278,N,0,https://nla.gov.au/nla.news-article100036355,http://trove.nla.gov.au/newspaper/page/10626435
100036743,Advertising,429,The Cessnock Eagle and South Maitland Recorder (NSW : 1913 - 1954),6,1946-10-18,Advertising,3696,N,0,https://nla.gov.au/nla.news-article100036743,http://trove.nla.gov.au/newspaper/page/10626613
100036752,HIGH SCHOOL CRICKET,429,The Cessnock Eagle and South Maitland Recorder (NSW : 1913 - 1954),8,1946-10-18,"Detailed lists, results, guides",104,N,0,https://nla.gov.au/nla.news-article100036752,http://trove.nla.gov.au/newspaper/page/10626615
100036765,BOXING,429,The Cessnock Eagle and South Maitland Recorder (NSW : 1913 - 1954),8,1946-10-18,Article,188,Y,0,https://nla.gov.au/nla.news-article100036765,http://trove.nla.gov.au/newspaper/page/10626615
100036771,Advertising,429,The Cessnock Eagle and South Maitland Recorder (NSW : 1913 - 1954),2,1946-01-25,Advertising,342,N,0,https://nla.gov.au/nla.news-article100036771,http://trove.nla.gov.au/newspaper/page/10626100
100036849,INTERMEDIATE EXAMINATIONS Cessnock High School.,429,The Cessnock Eagle and South Maitland Recorder (NSW : 1913 - 1954),7,1946-01-25,"Detailed lists, results, guides",412,N,0,https://nla.gov.au/nla.news-article100036849,http://trove.nla.gov.au/newspaper/page/10626105
100037425,Kurri Public School ANNUAL SPORTS.,429,The Cessnock Eagle and South Maitland Recorder (NSW : 1913 - 1954),3,1945-08-03,"Detailed lists, results, guides",584,N,0,https://nla.gov.au/nla.news-article100037425,http://trove.nla.gov.au/newspaper/page/10625825
100037548,PRIMARY SCHOOLS. Annual Athletic Carnival,429,The Cessnock Eagle and South Maitland Recorder (NSW : 1913 - 1954),6,1946-08-13,"Detailed lists, results, guides",1191,N,0,https://nla.gov.au/nla.news-article100037548,http://trove.nla.gov.au/newspaper/page/10626475
100037617,PERSONAL ITEMS,429,The Cessnock Eagle and South Maitland Recorder (NSW : 1913 - 1954),5,1945-01-19,Article,1808,N,0,https://nla.gov.au/nla.news-article100037617,http://trove.nla.gov.au/newspaper/page/10625492
100037953,DIGGER DOINGS,429,The Cessnock Eagle and South Maitland Recorder (NSW : 1913 - 1954),3,1946-08-16,Article,280,N,1,https://nla.gov.au/nla.news-article100037953,http://trove.nla.gov.au/newspaper/page/10626478
100038198,Advertising,429,The Cessnock Eagle and South Maitland Recorder (NSW : 1913 - 1954),4,1945-05-04,Advertising,1225,N,0,https://nla.gov.au/nla.news-article100038198,http://trove.nla.gov.au/newspaper/page/10625670
100038244,Hospital Patients,429,The Cessnock Eagle and South Maitland Recorder (NSW : 1913 - 1954),1,1945-09-11,Article,269,N,1,https://nla.gov.au/nla.news-article100038244,http://trove.nla.gov.au/newspaper/page/10625889
100038477,Charge Against Henry Scanlon,429,The Cessnock Eagle and South Maitland Recorder (NSW : 1913 - 1954),3,1945-10-09,Article,127,N,0,https://nla.gov.au/nla.news-article100038477,http://trove.nla.gov.au/newspaper/page/10625939
10003860,THE RAILWAYS. PASSENGERS PREFER WALKING.,13,"The Argus (Melbourne, Vic. : 1848 - 1957)",7,1906-01-23,Article,1099,N,0,https://nla.gov.au/nla.news-article10003860,http://trove.nla.gov.au/newspaper/page/343266
100039422,PERSONAL,429,The Cessnock Eagle and South Maitland Recorder (NSW : 1913 - 1954),3,1946-04-26,Article,643,N,1,https://nla.gov.au/nla.news-article100039422,http://trove.nla.gov.au/newspaper/page/10626258
100039424,Family Notices,429,The Cessnock Eagle and South Maitland Recorder (NSW : 1913 - 1954),4,1946-04-26,Family Notices,837,N,0,https://nla.gov.au/nla.news-article100039424,http://trove.nla.gov.au/newspaper/page/10626259
100039512,KURRI BABY SHOW,429,The Cessnock Eagle and South Maitland Recorder (NSW : 1913 - 1954),3,1946-11-19,Article,201,N,1,https://nla.gov.au/nla.news-article100039512,http://trove.nla.gov.au/newspaper/page/10626682
100039599,Family Notices,429,The Cessnock Eagle and South Maitland Recorder (NSW : 1913 - 1954),2,1946-06-18,Family Notices,893,N,1,https://nla.gov.au/nla.news-article100039599,http://trove.nla.gov.au/newspaper/page/10626359
100040058,HOSPITAL PATIENTS,429,The Cessnock Eagle and South Maitland Recorder (NSW : 1913 - 1954),3,1945-05-22,Article,377,N,1,https://nla.gov.au/nla.news-article100040058,http://trove.nla.gov.au/newspaper/page/10625701
100040422,PERSONAL,429,The Cessnock Eagle and South Maitland Recorder (NSW : 1913 - 1954),7,1946-11-15,Article,736,N,0,https://nla.gov.au/nla.news-article100040422,http://trove.nla.gov.au/newspaper/page/10626676
100040455,BENNETT INQUIRY IN MELBOURNE.,429,The Cessnock Eagle and South Maitland Recorder (NSW : 1913 - 1954),4,1945-11-20,Article,134,N,0,https://nla.gov.au/nla.news-article100040455,http://trove.nla.gov.au/newspaper/page/10626014
100040499,Cessnock High School. SUB-BRANCH OF ROYAL LIFE SAVING SOCIETY SECOND ANNUAL REPORT,429,The Cessnock Eagle and South Maitland Recorder (NSW : 1913 - 1954),6,1945-11-20,Article,1063,N,1,https://nla.gov.au/nla.news-article100040499,http://trove.nla.gov.au/newspaper/page/10626016
100040541,HOSPITAL PATIENTS,429,The Cessnock Eagle and South Maitland Recorder (NSW : 1913 - 1954),1,1945-04-17,Article,455,N,2,https://nla.gov.au/nla.news-article100040541,http://trove.nla.gov.au/newspaper/page/10625633
100040635,Family Notices,429,The Cessnock Eagle and South Maitland Recorder (NSW : 1913 - 1954),4,1945-04-20,Family Notices,766,N,2,https://nla.gov.au/nla.news-article100040635,http://trove.nla.gov.au/newspaper/page/10625642
100040791,The Downs of God UNIQUE RELIGIOUS PLAY.,429,The Cessnock Eagle and South Maitland Recorder (NSW : 1913 - 1954),3,1945-06-22,Article,508,N,0,https://nla.gov.au/nla.news-article100040791,http://trove.nla.gov.au/newspaper/page/10625753
100040857,Church of England Frolic.,429,The Cessnock Eagle and South Maitland Recorder (NSW : 1913 - 1954),1,1946-09-24,Article,184,N,0,https://nla.gov.au/nla.news-article100040857,http://trove.nla.gov.au/newspaper/page/10626556
100041017,Family Notices,429,The Cessnock Eagle and South Maitland Recorder (NSW : 1913 - 1954),4,1945-07-27,Family Notices,857,N,1,https://nla.gov.au/nla.news-article100041017,http://trove.nla.gov.au/newspaper/page/10625814
100041096,CRICKET,429,The Cessnock Eagle and South Maitland Recorder (NSW : 1913 - 1954),4,1946-10-29,Article,929,Y,0,https://nla.gov.au/nla.news-article100041096,http://trove.nla.gov.au/newspaper/page/10626637
100041105,BOXING FURTHER SUCCESS FOR MICKEY ANLEZARK,429,The Cessnock Eagle and South Maitland Recorder (NSW : 1913 - 1954),4,1946-10-29,Article,517,Y,0,https://nla.gov.au/nla.news-article100041105,http://trove.nla.gov.au/newspaper/page/10626637
100041471,Church Leader's Visit. PUBLIC WELCOME.,429,The Cessnock Eagle and South Maitland Recorder (NSW : 1913 - 1954),1,1946-05-17,Article,642,N,0,https://nla.gov.au/nla.news-article100041471,http://trove.nla.gov.au/newspaper/page/10626296
100041567,Church of Christ,429,The Cessnock Eagle and South Maitland Recorder (NSW : 1913 - 1954),1,1945-12-21,Article,291,N,0,https://nla.gov.au/nla.news-article100041567,http://trove.nla.gov.au/newspaper/page/10626062
100041608,Family Notices,429,The Cessnock Eagle and South Maitland Recorder (NSW : 1913 - 1954),4,1945-12-21,Family Notices,1492,N,3,https://nla.gov.au/nla.news-article100041608,http://trove.nla.gov.au/newspaper/page/10626065
100041956,Family Notices,429,The Cessnock Eagle and South Maitland Recorder (NSW : 1913 - 1954),2,1943-11-16,Family Notices,470,N,2,https://nla.gov.au/nla.news-article100041956,http://trove.nla.gov.au/newspaper/page/10624853
100042341,The Pit Horse Derby. MONDAY NIGHT NEXT,429,The Cessnock Eagle and South Maitland Recorder (NSW : 1913 - 1954),3,1943-11-19,Article,1421,N,0,https://nla.gov.au/nla.news-article100042341,http://trove.nla.gov.au/newspaper/page/10624858
100042409,Family Notices,429,The Cessnock Eagle and South Maitland Recorder (NSW : 1913 - 1954),2,1943-07-23,Family Notices,964,N,1,https://nla.gov.au/nla.news-article100042409,http://trove.nla.gov.au/newspaper/page/10624687
100042512,Advertising,429,The Cessnock Eagle and South Maitland Recorder (NSW : 1913 - 1954),4,1943-07-23,Advertising,238,N,0,https://nla.gov.au/nla.news-article100042512,http://trove.nla.gov.au/newspaper/page/10624689
100042682,WESTON FROLIC,429,The Cessnock Eagle and South Maitland Recorder (NSW : 1913 - 1954),4,1944-08-11,"Detailed lists, results, guides",246,N,0,https://nla.gov.au/nla.news-article100042682,http://trove.nla.gov.au/newspaper/page/10625237
100042690,Advertising,429,The Cessnock Eagle and South Maitland Recorder (NSW : 1913 - 1954),4,1944-08-11,Advertising,714,N,0,https://nla.gov.au/nla.news-article100042690,http://trove.nla.gov.au/newspaper/page/10625237
100042798,PERSONAL ITEMS,429,The Cessnock Eagle and South Maitland Recorder (NSW : 1913 - 1954),3,1944-09-01,Article,2025,N,0,https://nla.gov.au/nla.news-article100042798,http://trove.nla.gov.au/newspaper/page/10625268
100042925,KURRI RED CROSS CONCERT.,429,The Cessnock Eagle and South Maitland Recorder (NSW : 1913 - 1954),1,1943-06-25,Article,219,N,0,https://nla.gov.au/nla.news-article100042925,http://trove.nla.gov.au/newspaper/page/10624644
100043166,ABERDARE RED CROSS,429,The Cessnock Eagle and South Maitland Recorder (NSW : 1913 - 1954),5,1944-03-17,Article,202,N,0,https://nla.gov.au/nla.news-article100043166,http://trove.nla.gov.au/newspaper/page/10625017
100043298,Cessnock High School Leaving Certificate Examination.,429,The Cessnock Eagle and South Maitland Recorder (NSW : 1913 - 1954),3,1944-01-14,"Detailed lists, results, guides",337,N,0,https://nla.gov.au/nla.news-article100043298,http://trove.nla.gov.au/newspaper/page/10624925
100043317,Vacation Swimming School,429,The Cessnock Eagle and South Maitland Recorder (NSW : 1913 - 1954),4,1944-01-14,"Detailed lists, results, guides",616,N,0,https://nla.gov.au/nla.news-article100043317,http://trove.nla.gov.au/newspaper/page/10624926
100043477,Hospital Patients,429,The Cessnock Eagle and South Maitland Recorder (NSW : 1913 - 1954),1,1943-04-27,Article,342,N,1,https://nla.gov.au/nla.news-article100043477,http://trove.nla.gov.au/newspaper/page/10624560
100044248,Intermediate Examination Results GOOD PASSES AT CESSNOCK HIGH.,429,The Cessnock Eagle and South Maitland Recorder (NSW : 1913 - 1954),3,1944-01-25,"Detailed lists, results, guides",1802,N,1,https://nla.gov.au/nla.news-article100044248,http://trove.nla.gov.au/newspaper/page/10624941
100044380,VICTORIA PARK RACES. Weights For Meeting Held at Moorefield on Saturday. TRIAL STAKES. 1¼ miles To Start at 1.15 p.m.,429,The Cessnock Eagle and South Maitland Recorder (NSW : 1913 - 1954),6,1944-07-28,"Detailed lists, results, guides",623,N,0,https://nla.gov.au/nla.news-article100044380,http://trove.nla.gov.au/newspaper/page/10625215
100044387,PERSONAL ITEMS,429,The Cessnock Eagle and South Maitland Recorder (NSW : 1913 - 1954),3,1944-07-28,Article,2339,N,3,https://nla.gov.au/nla.news-article100044387,http://trove.nla.gov.au/newspaper/page/10625212
100044410,Family Notices,429,The Cessnock Eagle and South Maitland Recorder (NSW : 1913 - 1954),2,1944-07-28,Family Notices,794,N,0,https://nla.gov.au/nla.news-article100044410,http://trove.nla.gov.au/newspaper/page/10625211
100044488,High School v. Staff Cricket Match,429,The Cessnock Eagle and South Maitland Recorder (NSW : 1913 - 1954),4,1944-12-12,Article,490,N,0,https://nla.gov.au/nla.news-article100044488,http://trove.nla.gov.au/newspaper/page/10625445
100044576,PERSONAL,429,The Cessnock Eagle and South Maitland Recorder (NSW : 1913 - 1954),3,1943-02-23,Article,1278,N,2,https://nla.gov.au/nla.news-article100044576,http://trove.nla.gov.au/newspaper/page/10624472
100044617,SOUTH CESSNOCK FROLIC,429,The Cessnock Eagle and South Maitland Recorder (NSW : 1913 - 1954),3,1943-10-29,"Detailed lists, results, guides",244,N,0,https://nla.gov.au/nla.news-article100044617,http://trove.nla.gov.au/newspaper/page/10624828
100044961,PERSONAL,429,The Cessnock Eagle and South Maitland Recorder (NSW : 1913 - 1954),3,1943-10-12,Article,1094,N,3,https://nla.gov.au/nla.news-article100044961,http://trove.nla.gov.au/newspaper/page/10624804
100045123,PERSONAL,429,The Cessnock Eagle and South Maitland Recorder (NSW : 1913 - 1954),3,1944-06-13,Article,1395,N,1,https://nla.gov.au/nla.news-article100045123,http://trove.nla.gov.au/newspaper/page/10625142
100045273,"Kurri P.S.A,A.A. ANNUAL SPORTS",429,The Cessnock Eagle and South Maitland Recorder (NSW : 1913 - 1954),5,1944-10-03,"Detailed lists, results, guides",1274,N,0,https://nla.gov.au/nla.news-article100045273,http://trove.nla.gov.au/newspaper/page/10625320
100046157,KURRI FROLIC FOR RED CROSS.,429,The Cessnock Eagle and South Maitland Recorder (NSW : 1913 - 1954),4,1943-11-05,Article,264,N,0,https://nla.gov.au/nla.news-article100046157,http://trove.nla.gov.au/newspaper/page/10624839
100046701,RUGBY LEAGUE NORTH SYDNEY TEAM HERE ON SUNDAY.,429,The Cessnock Eagle and South Maitland Recorder (NSW : 1913 - 1954),4,1944-08-25,Article,945,N,0,https://nla.gov.au/nla.news-article100046701,http://trove.nla.gov.au/newspaper/page/10625259
100046791,KURRI SCHOOL ACTIVITIES,429,The Cessnock Eagle and South Maitland Recorder (NSW : 1913 - 1954),3,1944-03-14,Article,197,N,0,https://nla.gov.au/nla.news-article100046791,http://trove.nla.gov.au/newspaper/page/10625011
100047326,CARNIVAL IN GERMAN PRISON CAMP.,429,The Cessnock Eagle and South Maitland Recorder (NSW : 1913 - 1954),2,1944-11-10,Article,169,N,0,https://nla.gov.au/nla.news-article100047326,http://trove.nla.gov.au/newspaper/page/10625387
10004737,Advertising,13,"The Argus (Melbourne, Vic. : 1848 - 1957)",13,1906-06-30,Advertising,11112,N,0,https://nla.gov.au/nla.news-article10004737,http://trove.nla.gov.au/newspaper/page/344684
100047520,HOSPITAL PATIENTS,429,The Cessnock Eagle and South Maitland Recorder (NSW : 1913 - 1954),1,1944-11-28,Article,395,N,1,https://nla.gov.au/nla.news-article100047520,http://trove.nla.gov.au/newspaper/page/10625418
100047718,POKOLBIN RED CROSS,429,The Cessnock Eagle and South Maitland Recorder (NSW : 1913 - 1954),6,1943-09-17,"Detailed lists, results, guides",181,N,0,https://nla.gov.au/nla.news-article100047718,http://trove.nla.gov.au/newspaper/page/10624771
100047881,VACATION SWIMMING SCHOOL.,429,The Cessnock Eagle and South Maitland Recorder (NSW : 1913 - 1954),4,1943-01-15,"Detailed lists, results, guides",598,N,0,https://nla.gov.au/nla.news-article100047881,http://trove.nla.gov.au/newspaper/page/10624417
100048367,WHAT HAPPENS IN ENGLAND.,429,The Cessnock Eagle and South Maitland Recorder (NSW : 1913 - 1954),3,1943-06-11,Article,67,N,0,https://nla.gov.au/nla.news-article100048367,http://trove.nla.gov.au/newspaper/page/10624626
100048452,Advertising,429,The Cessnock Eagle and South Maitland Recorder (NSW : 1913 - 1954),4,1943-12-17,Advertising,503,N,0,https://nla.gov.au/nla.news-article100048452,http://trove.nla.gov.au/newspaper/page/10624899
100048543,High School Cricket,429,The Cessnock Eagle and South Maitland Recorder (NSW : 1913 - 1954),4,1944-11-07,Article,220,N,0,https://nla.gov.au/nla.news-article100048543,http://trove.nla.gov.au/newspaper/page/10625385
100048546,HOSPITAL PATIENTS,429,The Cessnock Eagle and South Maitland Recorder (NSW : 1913 - 1954),1,1944-11-07,Article,436,N,2,https://nla.gov.au/nla.news-article100048546,http://trove.nla.gov.au/newspaper/page/10625382
100048750,High School Cricket,429,The Cessnock Eagle and South Maitland Recorder (NSW : 1913 - 1954),4,1944-10-17,"Detailed lists, results, guides",643,N,0,https://nla.gov.au/nla.news-article100048750,http://trove.nla.gov.au/newspaper/page/10625347
100049029,Kurri Mothers' Club. ANNUAL FROLIC.,429,The Cessnock Eagle and South Maitland Recorder (NSW : 1913 - 1954),1,1944-11-14,"Detailed lists, results, guides",185,N,0,https://nla.gov.au/nla.news-article100049029,http://trove.nla.gov.au/newspaper/page/10625394
100049349,BABY SHOW AND DRESSED DOLL COMPETITION.,429,The Cessnock Eagle and South Maitland Recorder (NSW : 1913 - 1954),4,1943-11-23,Article,272,N,0,https://nla.gov.au/nla.news-article100049349,http://trove.nla.gov.au/newspaper/page/10624865
100049364,Advertising,429,The Cessnock Eagle and South Maitland Recorder (NSW : 1913 - 1954),2,1943-11-23,Advertising,232,N,0,https://nla.gov.au/nla.news-article100049364,http://trove.nla.gov.au/newspaper/page/10624863
100049537,Family Notices,429,The Cessnock Eagle and South Maitland Recorder (NSW : 1913 - 1954),4,1944-10-13,Family Notices,935,N,0,https://nla.gov.au/nla.news-article100049537,http://trove.nla.gov.au/newspaper/page/10625339
100050012,Family Notices,429,The Cessnock Eagle and South Maitland Recorder (NSW : 1913 - 1954),2,1944-09-12,Family Notices,464,N,0,https://nla.gov.au/nla.news-article100050012,http://trove.nla.gov.au/newspaper/page/10625283
100050635,SUNDAY SCHOOL ANNIVERSARY.,429,The Cessnock Eagle and South Maitland Recorder (NSW : 1913 - 1954),1,1944-11-17,Article,275,N,0,https://nla.gov.au/nla.news-article100050635,http://trove.nla.gov.au/newspaper/page/10625398
100050718,GRAND CHILDREN'S FROLIC,429,The Cessnock Eagle and South Maitland Recorder (NSW : 1913 - 1954),4,1943-03-16,Article,238,N,0,https://nla.gov.au/nla.news-article100050718,http://trove.nla.gov.au/newspaper/page/10624503
100050762,Family Notices,429,The Cessnock Eagle and South Maitland Recorder (NSW : 1913 - 1954),2,1944-11-21,Family Notices,535,N,0,https://nla.gov.au/nla.news-article100050762,http://trove.nla.gov.au/newspaper/page/10625407
100050854,KIDDIES' FROLIC,429,The Cessnock Eagle and South Maitland Recorder (NSW : 1913 - 1954),3,1943-11-26,Article,189,N,0,https://nla.gov.au/nla.news-article100050854,http://trove.nla.gov.au/newspaper/page/10624868
100050934,Advertising,429,The Cessnock Eagle and South Maitland Recorder (NSW : 1913 - 1954),2,1944-08-22,Advertising,2663,N,0,https://nla.gov.au/nla.news-article100050934,http://trove.nla.gov.au/newspaper/page/10625253
100050961,WEST CESSNOCK PUBLIC SCHOOL SPRING FROLIC.,429,The Cessnock Eagle and South Maitland Recorder (NSW : 1913 - 1954),3,1944-08-22,Article,207,N,0,https://nla.gov.au/nla.news-article100050961,http://trove.nla.gov.au/newspaper/page/10625254
100051173,CESSNOCK RED CROSS.,429,The Cessnock Eagle and South Maitland Recorder (NSW : 1913 - 1954),5,1943-10-01,Article,300,N,0,https://nla.gov.au/nla.news-article100051173,http://trove.nla.gov.au/newspaper/page/10624790
100051487,Play Centre's Grand Find ENTHUSIASTIC SPORTS MEETING.,429,The Cessnock Eagle and South Maitland Recorder (NSW : 1913 - 1954),3,1943-01-29,Article,505,N,0,https://nla.gov.au/nla.news-article100051487,http://trove.nla.gov.au/newspaper/page/10624436
100051506,Advertising,429,The Cessnock Eagle and South Maitland Recorder (NSW : 1913 - 1954),6,1943-01-29,Advertising,228,N,0,https://nla.gov.au/nla.news-article100051506,http://trove.nla.gov.au/newspaper/page/10624439
100051857,CESSNOCK RED CROSS AUXILIARY.,429,The Cessnock Eagle and South Maitland Recorder (NSW : 1913 - 1954),3,1943-10-05,Article,303,N,0,https://nla.gov.au/nla.news-article100051857,http://trove.nla.gov.au/newspaper/page/10624794
100052544,Advertising,429,The Cessnock Eagle and South Maitland Recorder (NSW : 1913 - 1954),6,1944-08-18,Advertising,321,N,0,https://nla.gov.au/nla.news-article100052544,http://trove.nla.gov.au/newspaper/page/10625251
100052670,Family Notices,429,The Cessnock Eagle and South Maitland Recorder (NSW : 1913 - 1954),2,1943-12-21,Family Notices,978,N,1,https://nla.gov.au/nla.news-article100052670,http://trove.nla.gov.au/newspaper/page/10624903
100053221,Hospital Patients,429,The Cessnock Eagle and South Maitland Recorder (NSW : 1913 - 1954),1,1943-02-09,Article,485,N,1,https://nla.gov.au/nla.news-article100053221,http://trove.nla.gov.au/newspaper/page/10624450
100053856,Advertising,429,The Cessnock Eagle and South Maitland Recorder (NSW : 1913 - 1954),6,1943-02-19,Advertising,365,N,0,https://nla.gov.au/nla.news-article100053856,http://trove.nla.gov.au/newspaper/page/10624469
100053977,MEMORIES OF PAST EVENTS,429,The Cessnock Eagle and South Maitland Recorder (NSW : 1913 - 1954),5,1943-02-26,Article,430,N,0,https://nla.gov.au/nla.news-article100053977,http://trove.nla.gov.au/newspaper/page/10624478
100053998,Advertising,429,The Cessnock Eagle and South Maitland Recorder (NSW : 1913 - 1954),6,1943-02-26,Advertising,263,N,0,https://nla.gov.au/nla.news-article100053998,http://trove.nla.gov.au/newspaper/page/10624479
100054049,HOSPITAL PATIENTS,429,The Cessnock Eagle and South Maitland Recorder (NSW : 1913 - 1954),1,1944-04-04,"Detailed lists, results, guides",341,N,0,https://nla.gov.au/nla.news-article100054049,http://trove.nla.gov.au/newspaper/page/10625039
100054162,SMALL NAVAL LOSSES OFF SIGILY.,429,The Cessnock Eagle and South Maitland Recorder (NSW : 1913 - 1954),4,1943-09-03,Article,65,N,0,https://nla.gov.au/nla.news-article100054162,http://trove.nla.gov.au/newspaper/page/10624749
100054503,Weston Sub-branch R.S.S. and A.I.L.A. R.S.L. Activities,429,The Cessnock Eagle and South Maitland Recorder (NSW : 1913 - 1954),5,1944-02-25,Article,740,N,0,https://nla.gov.au/nla.news-article100054503,http://trove.nla.gov.au/newspaper/page/10624987
100054559,HOSPITAL PATIENTS,429,The Cessnock Eagle and South Maitland Recorder (NSW : 1913 - 1954),1,1944-09-26,Article,364,N,4,https://nla.gov.au/nla.news-article100054559,http://trove.nla.gov.au/newspaper/page/10625304
100054938,Advertising,429,The Cessnock Eagle and South Maitland Recorder (NSW : 1913 - 1954),2,1944-03-21,Advertising,1637,N,0,https://nla.gov.au/nla.news-article100054938,http://trove.nla.gov.au/newspaper/page/10625020
100055147,Advertising,429,The Cessnock Eagle and South Maitland Recorder (NSW : 1913 - 1954),4,1944-03-24,Advertising,314,N,0,https://nla.gov.au/nla.news-article100055147,http://trove.nla.gov.au/newspaper/page/10625026
100055320,High School Cricket,429,The Cessnock Eagle and South Maitland Recorder (NSW : 1913 - 1954),2,1944-10-20,Article,641,N,0,https://nla.gov.au/nla.news-article100055320,http://trove.nla.gov.au/newspaper/page/10625349
100055458,ABERNETHY JUVENILE FROLIC.,429,The Cessnock Eagle and South Maitland Recorder (NSW : 1913 - 1954),5,1943-05-21,Article,270,N,0,https://nla.gov.au/nla.news-article100055458,http://trove.nla.gov.au/newspaper/page/10624598
100055689,WEDDING BELLS. BOWKER—BEECROFT,429,The Cessnock Eagle and South Maitland Recorder (NSW : 1913 - 1954),3,1944-06-27,Article,620,N,1,https://nla.gov.au/nla.news-article100055689,http://trove.nla.gov.au/newspaper/page/10625162
100055772,Kurri P.S.A.A.A ANNUAL SPORTS,429,The Cessnock Eagle and South Maitland Recorder (NSW : 1913 - 1954),4,1943-09-28,"Detailed lists, results, guides",1215,N,0,https://nla.gov.au/nla.news-article100055772,http://trove.nla.gov.au/newspaper/page/10624785
100056015,COMMUNISTS AND FREEDOM. REPLY TO W. EDWARDS.,429,The Cessnock Eagle and South Maitland Recorder (NSW : 1913 - 1954),5,1943-10-15,Article,803,N,0,https://nla.gov.au/nla.news-article100056015,http://trove.nla.gov.au/newspaper/page/10624810
100056105,Advertising,429,The Cessnock Eagle and South Maitland Recorder (NSW : 1913 - 1954),4,1943-12-10,Advertising,229,N,0,https://nla.gov.au/nla.news-article100056105,http://trove.nla.gov.au/newspaper/page/10624889
100056143,Family Notices,429,The Cessnock Eagle and South Maitland Recorder (NSW : 1913 - 1954),2,1944-07-11,Family Notices,476,N,1,https://nla.gov.au/nla.news-article100056143,http://trove.nla.gov.au/newspaper/page/10625183
100056213,PERSONAL,429,The Cessnock Eagle and South Maitland Recorder (NSW : 1913 - 1954),3,1944-07-11,Article,975,N,0,https://nla.gov.au/nla.news-article100056213,http://trove.nla.gov.au/newspaper/page/10625184
100056248,PLAY CENTRE ACTIVITY CESSNOCK WEST,429,The Cessnock Eagle and South Maitland Recorder (NSW : 1913 - 1954),1,1944-01-11,Article,155,N,0,https://nla.gov.au/nla.news-article100056248,http://trove.nla.gov.au/newspaper/page/10624919
100056419,Family Notices,429,The Cessnock Eagle and South Maitland Recorder (NSW : 1913 - 1954),4,1944-12-22,Family Notices,891,N,1,https://nla.gov.au/nla.news-article100056419,http://trove.nla.gov.au/newspaper/page/10625461
100056420,Family Notices,429,The Cessnock Eagle and South Maitland Recorder (NSW : 1913 - 1954),4,1944-12-22,Family Notices,301,N,0,https://nla.gov.au/nla.news-article100056420,http://trove.nla.gov.au/newspaper/page/10625461
100056551,HOSPITAL PATIENTS,429,The Cessnock Eagle and South Maitland Recorder (NSW : 1913 - 1954),3,1943-10-26,Article,408,N,2,https://nla.gov.au/nla.news-article100056551,http://trove.nla.gov.au/newspaper/page/10624824
100056576,WEST CESSNOCK CONGREGATIONAL CHURCH SUNDAY SCHOOL ANNIVERSARY.,429,The Cessnock Eagle and South Maitland Recorder (NSW : 1913 - 1954),4,1943-10-26,Article,302,N,3,https://nla.gov.au/nla.news-article100056576,http://trove.nla.gov.au/newspaper/page/10624825
100057074,Hospital Patients,429,The Cessnock Eagle and South Maitland Recorder (NSW : 1913 - 1954),1,1943-03-09,Article,502,N,1,https://nla.gov.au/nla.news-article100057074,http://trove.nla.gov.au/newspaper/page/10624490
100057277,CESSNOCK HIGH SCHOOL ANNUAL SPEECH NIGHT Students' Successes in Study and Sport,429,The Cessnock Eagle and South Maitland Recorder (NSW : 1913 - 1954),1,1943-12-14,Article,2320,N,1,https://nla.gov.au/nla.news-article100057277,http://trove.nla.gov.au/newspaper/page/10624892
100057429,GRAND FROLIC. WEST CESSNOCK INFANTS' SCHOOL.,429,The Cessnock Eagle and South Maitland Recorder (NSW : 1913 - 1954),1,1944-05-16,Article,258,N,0,https://nla.gov.au/nla.news-article100057429,http://trove.nla.gov.au/newspaper/page/10625100
100057523,HOSPITAL PATIENTS,429,The Cessnock Eagle and South Maitland Recorder (NSW : 1913 - 1954),3,1943-09-14,Article,379,N,1,https://nla.gov.au/nla.news-article100057523,http://trove.nla.gov.au/newspaper/page/10624764
100057535,ABERDARE BRANCH RED CROSS.,429,The Cessnock Eagle and South Maitland Recorder (NSW : 1913 - 1954),2,1943-09-14,Article,190,N,0,https://nla.gov.au/nla.news-article100057535,http://trove.nla.gov.au/newspaper/page/10624763
100057570,HOSPITAL PATIENTS,429,The Cessnock Eagle and South Maitland Recorder (NSW : 1913 - 1954),1,1943-11-30,Article,349,N,1,https://nla.gov.au/nla.news-article100057570,http://trove.nla.gov.au/newspaper/page/10624872
100057765,Raid on Two-up School. FINES AT KURRI.,429,The Cessnock Eagle and South Maitland Recorder (NSW : 1913 - 1954),1,1944-06-09,"Detailed lists, results, guides",348,N,0,https://nla.gov.au/nla.news-article100057765,http://trove.nla.gov.au/newspaper/page/10625134
100058622,SAILORS FINED FOR ASSAULT.,429,The Cessnock Eagle and South Maitland Recorder (NSW : 1913 - 1954),1,1944-03-07,Article,76,N,1,https://nla.gov.au/nla.news-article100058622,http://trove.nla.gov.au/newspaper/page/10624999
100058648,PERSONAL,429,The Cessnock Eagle and South Maitland Recorder (NSW : 1913 - 1954),3,1944-03-07,Article,895,Y,1,https://nla.gov.au/nla.news-article100058648,http://trove.nla.gov.au/newspaper/page/10625001
100058735,KURRI COMFORTS FUND CHILDREN'S FROLIC.,429,The Cessnock Eagle and South Maitland Recorder (NSW : 1913 - 1954),4,1943-10-22,Article,277,N,0,https://nla.gov.au/nla.news-article100058735,http://trove.nla.gov.au/newspaper/page/10624819
100058849,Heavy Damages for Using Shanghai,429,The Cessnock Eagle and South Maitland Recorder (NSW : 1913 - 1954),6,1944-12-08,Article,116,N,0,https://nla.gov.au/nla.news-article100058849,http://trove.nla.gov.au/newspaper/page/10625439
100059115,Cessnock High School. SPEECH NIGHT.,429,The Cessnock Eagle and South Maitland Recorder (NSW : 1913 - 1954),8,1944-12-15,Article,2513,N,0,https://nla.gov.au/nla.news-article100059115,http://trove.nla.gov.au/newspaper/page/10625453
100059417,Narandera Boys at the Front,431,Narandera Argus and Riverina Advertiser (NSW : 1893 - 1953),6,1915-08-06,"Detailed lists, results, guides",628,N,0,https://nla.gov.au/nla.news-article100059417,http://trove.nla.gov.au/newspaper/page/10687925
100059455,Narandera Boys at the Front,431,Narandera Argus and Riverina Advertiser (NSW : 1893 - 1953),4,1917-01-30,"Detailed lists, results, guides",1934,N,1,https://nla.gov.au/nla.news-article100059455,http://trove.nla.gov.au/newspaper/page/10688688
100059513,Narandera Boys at the Front,431,Narandera Argus and Riverina Advertiser (NSW : 1893 - 1953),6,1916-02-25,"Detailed lists, results, guides",1640,N,0,https://nla.gov.au/nla.news-article100059513,http://trove.nla.gov.au/newspaper/page/10688209
100059546,Narandera Boys at the Front,431,Narandera Argus and Riverina Advertiser (NSW : 1893 - 1953),4,1916-08-22,"Detailed lists, results, guides",1926,N,0,https://nla.gov.au/nla.news-article100059546,http://trove.nla.gov.au/newspaper/page/10688461
100059704,Narandera Boys at the Front,431,Narandera Argus and Riverina Advertiser (NSW : 1893 - 1953),4,1915-10-19,"Detailed lists, results, guides",963,N,0,https://nla.gov.au/nla.news-article100059704,http://trove.nla.gov.au/newspaper/page/10688031
100059828,Narandera Boys at the Front,431,Narandera Argus and Riverina Advertiser (NSW : 1893 - 1953),4,1917-06-05,"Detailed lists, results, guides",2087,N,3,https://nla.gov.au/nla.news-article100059828,http://trove.nla.gov.au/newspaper/page/10688866
100059922,Narandera Boys at the Front,431,Narandera Argus and Riverina Advertiser (NSW : 1893 - 1953),6,1915-10-22,"Detailed lists, results, guides",977,N,0,https://nla.gov.au/nla.news-article100059922,http://trove.nla.gov.au/newspaper/page/10688037
100059954,Narandera Boys at the Front,431,Narandera Argus and Riverina Advertiser (NSW : 1893 - 1953),6,1915-12-17,"Detailed lists, results, guides",1115,N,0,https://nla.gov.au/nla.news-article100059954,http://trove.nla.gov.au/newspaper/page/10688117
100059983,Narandera Boys at the Front,431,Narandera Argus and Riverina Advertiser (NSW : 1893 - 1953),6,1916-06-30,"Detailed lists, results, guides",1687,N,0,https://nla.gov.au/nla.news-article100059983,http://trove.nla.gov.au/newspaper/page/10688387
100060050,Narandera Boys at the Front,431,Narandera Argus and Riverina Advertiser (NSW : 1893 - 1953),4,1916-07-04,"Detailed lists, results, guides",2091,N,0,https://nla.gov.au/nla.news-article100060050,http://trove.nla.gov.au/newspaper/page/10688391
100060103,Narandera Boys at the Front,431,Narandera Argus and Riverina Advertiser (NSW : 1893 - 1953),6,1916-03-03,"Detailed lists, results, guides",1412,N,0,https://nla.gov.au/nla.news-article100060103,http://trove.nla.gov.au/newspaper/page/10688219
100060640,Narandera Boys at the Front,431,Narandera Argus and Riverina Advertiser (NSW : 1893 - 1953),6,1916-05-12,"Detailed lists, results, guides",1680,N,0,https://nla.gov.au/nla.news-article100060640,http://trove.nla.gov.au/newspaper/page/10688315
100060687,Narandera Boys at the Front,431,Narandera Argus and Riverina Advertiser (NSW : 1893 - 1953),4,1916-05-02,"Detailed lists, results, guides",1619,N,0,https://nla.gov.au/nla.news-article100060687,http://trove.nla.gov.au/newspaper/page/10688299
100060937,Narandera Boys at the Front,431,Narandera Argus and Riverina Advertiser (NSW : 1893 - 1953),6,1916-04-07,"Detailed lists, results, guides",1540,N,0,https://nla.gov.au/nla.news-article100060937,http://trove.nla.gov.au/newspaper/page/10688269
100061180,Narandera Boys at the Front,431,Narandera Argus and Riverina Advertiser (NSW : 1893 - 1953),4,1917-01-23,"Detailed lists, results, guides",1858,N,1,https://nla.gov.au/nla.news-article100061180,http://trove.nla.gov.au/newspaper/page/10688678
100061334,Narandera Boys at the Front,431,Narandera Argus and Riverina Advertiser (NSW : 1893 - 1953),6,1915-11-12,"Detailed lists, results, guides",1092,N,0,https://nla.gov.au/nla.news-article100061334,http://trove.nla.gov.au/newspaper/page/10688067
100061592,Narandera Boys at the Front,431,Narandera Argus and Riverina Advertiser (NSW : 1893 - 1953),4,1917-02-13,"Detailed lists, results, guides",1872,N,6,https://nla.gov.au/nla.news-article100061592,http://trove.nla.gov.au/newspaper/page/10688709
100061630,Narandera Boys at the Front,431,Narandera Argus and Riverina Advertiser (NSW : 1893 - 1953),6,1916-03-10,"Detailed lists, results, guides",1537,N,0,https://nla.gov.au/nla.news-article100061630,http://trove.nla.gov.au/newspaper/page/10688229
100061664,Narandera Boys at the Front,431,Narandera Argus and Riverina Advertiser (NSW : 1893 - 1953),4,1917-05-01,"Detailed lists, results, guides",2009,N,0,https://nla.gov.au/nla.news-article100061664,http://trove.nla.gov.au/newspaper/page/10688816
100061794,Narandera Boys at the Front,431,Narandera Argus and Riverina Advertiser (NSW : 1893 - 1953),4,1915-10-05,"Detailed lists, results, guides",934,N,0,https://nla.gov.au/nla.news-article100061794,http://trove.nla.gov.au/newspaper/page/10688011
100062510,Narandera Boys at the Front,431,Narandera Argus and Riverina Advertiser (NSW : 1893 - 1953),6,1916-05-19,"Detailed lists, results, guides",2080,N,0,https://nla.gov.au/nla.news-article100062510,http://trove.nla.gov.au/newspaper/page/10688325
100062572,Narandera Boys at the Front,431,Narandera Argus and Riverina Advertiser (NSW : 1893 - 1953),6,1916-02-18,"Detailed lists, results, guides",1347,N,0,https://nla.gov.au/nla.news-article100062572,http://trove.nla.gov.au/newspaper/page/10688199
100062691,Narandera Boys at the Front,431,Narandera Argus and Riverina Advertiser (NSW : 1893 - 1953),6,1916-05-26,"Detailed lists, results, guides",1607,N,0,https://nla.gov.au/nla.news-article100062691,http://trove.nla.gov.au/newspaper/page/10688335
100062836,Narandera Boys at the Front,431,Narandera Argus and Riverina Advertiser (NSW : 1893 - 1953),4,1916-06-20,"Detailed lists, results, guides",2054,N,0,https://nla.gov.au/nla.news-article100062836,http://trove.nla.gov.au/newspaper/page/10688371
100062934,Narandera Boys at the Front,431,Narandera Argus and Riverina Advertiser (NSW : 1893 - 1953),4,1915-10-26,"Detailed lists, results, guides",990,N,0,https://nla.gov.au/nla.news-article100062934,http://trove.nla.gov.au/newspaper/page/10688041
100062962,Narandera Boys at the Front,431,Narandera Argus and Riverina Advertiser (NSW : 1893 - 1953),4,1917-02-20,"Detailed lists, results, guides",1914,N,0,https://nla.gov.au/nla.news-article100062962,http://trove.nla.gov.au/newspaper/page/10688720
100063021,Local and General,431,Narandera Argus and Riverina Advertiser (NSW : 1893 - 1953),2,1916-12-01,Article,993,N,1,https://nla.gov.au/nla.news-article100063021,http://trove.nla.gov.au/newspaper/page/10688607
100063238,Narandera Boys at the Front,431,Narandera Argus and Riverina Advertiser (NSW : 1893 - 1953),6,1915-09-24,"Detailed lists, results, guides",926,N,0,https://nla.gov.au/nla.news-article100063238,http://trove.nla.gov.au/newspaper/page/10687997
100063564,Narandera Boys at the Front,431,Narandera Argus and Riverina Advertiser (NSW : 1893 - 1953),4,1916-05-30,"Detailed lists, results, guides",1585,N,0,https://nla.gov.au/nla.news-article100063564,http://trove.nla.gov.au/newspaper/page/10688339
100063726,Narandera Boys at the Front.,431,Narandera Argus and Riverina Advertiser (NSW : 1893 - 1953),4,1917-02-06,"Detailed lists, results, guides",1810,N,0,https://nla.gov.au/nla.news-article100063726,http://trove.nla.gov.au/newspaper/page/10688699
100064096,Narandera Boys at the Front,431,Narandera Argus and Riverina Advertiser (NSW : 1893 - 1953),4,1915-11-30,"Detailed lists, results, guides",1028,N,1,https://nla.gov.au/nla.news-article100064096,http://trove.nla.gov.au/newspaper/page/10688091
100064214,Narandera Boys at the Front,431,Narandera Argus and Riverina Advertiser (NSW : 1893 - 1953),4,1917-07-24,"Detailed lists, results, guides",1897,N,0,https://nla.gov.au/nla.news-article100064214,http://trove.nla.gov.au/newspaper/page/10688940
100064770,Narandera Boys at the Front,431,Narandera Argus and Riverina Advertiser (NSW : 1893 - 1953),6,1916-02-04,Article,1392,N,0,https://nla.gov.au/nla.news-article100064770,http://trove.nla.gov.au/newspaper/page/10688179
100065228,Narandera Boys at the Front,431,Narandera Argus and Riverina Advertiser (NSW : 1893 - 1953),4,1915-08-31,"Detailed lists, results, guides",782,N,0,https://nla.gov.au/nla.news-article100065228,http://trove.nla.gov.au/newspaper/page/10687961
100065272,Narandera Boys at the Front,431,Narandera Argus and Riverina Advertiser (NSW : 1893 - 1953),4,1916-08-29,"Detailed lists, results, guides",1688,N,0,https://nla.gov.au/nla.news-article100065272,http://trove.nla.gov.au/newspaper/page/10688471
100065578,Narandera Boys at the Front,431,Narandera Argus and Riverina Advertiser (NSW : 1893 - 1953),4,1916-05-23,"Detailed lists, results, guides",1939,N,0,https://nla.gov.au/nla.news-article100065578,http://trove.nla.gov.au/newspaper/page/10688329
100065633,Narandera Boys at the Front,431,Narandera Argus and Riverina Advertiser (NSW : 1893 - 1953),6,1915-11-26,"Detailed lists, results, guides",1052,N,0,https://nla.gov.au/nla.news-article100065633,http://trove.nla.gov.au/newspaper/page/10688087
100065676,Narandera Boys at the Front,431,Narandera Argus and Riverina Advertiser (NSW : 1893 - 1953),4,1915-09-21,"Detailed lists, results, guides",940,N,0,https://nla.gov.au/nla.news-article100065676,http://trove.nla.gov.au/newspaper/page/10687991
100065916,Narandera Boys at the Front,431,Narandera Argus and Riverina Advertiser (NSW : 1893 - 1953),4,1916-08-08,"Detailed lists, results, guides",2004,N,0,https://nla.gov.au/nla.news-article100065916,http://trove.nla.gov.au/newspaper/page/10688441
10006598,S.A.J.C. AUTUMN MEETING. CONCLUDING DAY. DYNAMITE AGAIN A WINNER.,13,"The Argus (Melbourne, Vic. : 1848 - 1957)",7,1906-05-14,Article,1429,N,0,https://nla.gov.au/nla.news-article10006598,http://trove.nla.gov.au/newspaper/page/343707
100066308,Narandera Boys at the Front,431,Narandera Argus and Riverina Advertiser (NSW : 1893 - 1953),4,1916-03-14,"Detailed lists, results, guides",1402,N,0,https://nla.gov.au/nla.news-article100066308,http://trove.nla.gov.au/newspaper/page/10688233
100066400,Narandera Boys at the Front,431,Narandera Argus and Riverina Advertiser (NSW : 1893 - 1953),4,1916-06-13,"Detailed lists, results, guides",1517,N,1,https://nla.gov.au/nla.news-article100066400,http://trove.nla.gov.au/newspaper/page/10688359
100066419,Narandera Boys at the Front,431,Narandera Argus and Riverina Advertiser (NSW : 1893 - 1953),4,1916-08-15,"Detailed lists, results, guides",1702,N,0,https://nla.gov.au/nla.news-article100066419,http://trove.nla.gov.au/newspaper/page/10688451
100066644,Narandera Boys at the Front,431,Narandera Argus and Riverina Advertiser (NSW : 1893 - 1953),6,1916-03-24,"Detailed lists, results, guides",1498,N,0,https://nla.gov.au/nla.news-article100066644,http://trove.nla.gov.au/newspaper/page/10688249
100066739,Narandera Boys at the Front,431,Narandera Argus and Riverina Advertiser (NSW : 1893 - 1953),6,1915-09-10,"Detailed lists, results, guides",881,N,0,https://nla.gov.au/nla.news-article100066739,http://trove.nla.gov.au/newspaper/page/10687977
100067071,Narandera Boys at the Front,431,Narandera Argus and Riverina Advertiser (NSW : 1893 - 1953),4,1916-12-05,"Detailed lists, results, guides",2125,N,0,https://nla.gov.au/nla.news-article100067071,http://trove.nla.gov.au/newspaper/page/10688614
100067131,Narandera Boys at the Front,431,Narandera Argus and Riverina Advertiser (NSW : 1893 - 1953),4,1916-03-07,"Detailed lists, results, guides",1501,N,0,https://nla.gov.au/nla.news-article100067131,http://trove.nla.gov.au/newspaper/page/10688223
100067215,Narandera Boys at the Front,431,Narandera Argus and Riverina Advertiser (NSW : 1893 - 1953),4,1916-06-06,"Detailed lists, results, guides",1508,N,0,https://nla.gov.au/nla.news-article100067215,http://trove.nla.gov.au/newspaper/page/10688349
100067426,Narandera Boys at the Front,431,Narandera Argus and Riverina Advertiser (NSW : 1893 - 1953),6,1916-02-11,"Detailed lists, results, guides",1262,N,26,https://nla.gov.au/nla.news-article100067426,http://trove.nla.gov.au/newspaper/page/10688189
100067448,Narandera Boys at the Front,431,Narandera Argus and Riverina Advertiser (NSW : 1893 - 1953),4,1916-01-25,"Detailed lists, results, guides",1262,N,0,https://nla.gov.au/nla.news-article100067448,http://trove.nla.gov.au/newspaper/page/10688163
100067708,Narandera Boys at the Front,431,Narandera Argus and Riverina Advertiser (NSW : 1893 - 1953),5,1917-02-02,"Detailed lists, results, guides",1840,N,1,https://nla.gov.au/nla.news-article100067708,http://trove.nla.gov.au/newspaper/page/10688693
100067814,Narandera Boys at the Front,431,Narandera Argus and Riverina Advertiser (NSW : 1893 - 1953),4,1917-01-09,"Detailed lists, results, guides",1844,N,0,https://nla.gov.au/nla.news-article100067814,http://trove.nla.gov.au/newspaper/page/10688658
100067848,Narandera Boys at the Front,431,Narandera Argus and Riverina Advertiser (NSW : 1893 - 1953),4,1916-03-21,"Detailed lists, results, guides",1375,N,0,https://nla.gov.au/nla.news-article100067848,http://trove.nla.gov.au/newspaper/page/10688243
100067959,Narandera Boys at the Fronts,431,Narandera Argus and Riverina Advertiser (NSW : 1893 - 1953),4,1917-05-15,"Detailed lists, results, guides",2073,N,1,https://nla.gov.au/nla.news-article100067959,http://trove.nla.gov.au/newspaper/page/10688836
100068217,Narandera Boys at the Front,431,Narandera Argus and Riverina Advertiser (NSW : 1893 - 1953),4,1915-10-12,"Detailed lists, results, guides",902,N,0,https://nla.gov.au/nla.news-article100068217,http://trove.nla.gov.au/newspaper/page/10688021
100068330,Narandera Boys at the Front,431,Narandera Argus and Riverina Advertiser (NSW : 1893 - 1953),6,1916-04-21,"Detailed lists, results, guides",1560,N,2,https://nla.gov.au/nla.news-article100068330,http://trove.nla.gov.au/newspaper/page/10688289
100068363,Narandera Boys at the Front,431,Narandera Argus and Riverina Advertiser (NSW : 1893 - 1953),4,1915-12-21,"Detailed lists, results, guides",1138,N,2,https://nla.gov.au/nla.news-article100068363,http://trove.nla.gov.au/newspaper/page/10688121
100068422,Narandera Boys at the Front,431,Narandera Argus and Riverina Advertiser (NSW : 1893 - 1953),4,1915-11-09,"Detailed lists, results, guides",1099,N,0,https://nla.gov.au/nla.news-article100068422,http://trove.nla.gov.au/newspaper/page/10688061
100068817,Narandera Boys at the Front,431,Narandera Argus and Riverina Advertiser (NSW : 1893 - 1953),6,1916-06-16,"Detailed lists, results, guides",1872,N,0,https://nla.gov.au/nla.news-article100068817,http://trove.nla.gov.au/newspaper/page/10688367
100068821,Our Sydney Letter DEMOCRACY V. DESPOTISM,431,Narandera Argus and Riverina Advertiser (NSW : 1893 - 1953),6,1916-06-16,Article,670,N,0,https://nla.gov.au/nla.news-article100068821,http://trove.nla.gov.au/newspaper/page/10688367
100068923,Narandera Boys at the Front,431,Narandera Argus and Riverina Advertiser (NSW : 1893 - 1953),6,1915-08-27,"Detailed lists, results, guides",812,N,0,https://nla.gov.au/nla.news-article100068923,http://trove.nla.gov.au/newspaper/page/10687957
100069028,Narandera Boys at the Front,431,Narandera Argus and Riverina Advertiser (NSW : 1893 - 1953),6,1916-06-23,"Detailed lists, results, guides",1664,N,2,https://nla.gov.au/nla.news-article100069028,http://trove.nla.gov.au/newspaper/page/10688377
100069142,Narandera Boys at the Front,431,Narandera Argus and Riverina Advertiser (NSW : 1893 - 1953),4,1916-02-08,"Detailed lists, results, guides",1317,N,0,https://nla.gov.au/nla.news-article100069142,http://trove.nla.gov.au/newspaper/page/10688183
100069208,Narandera Boys at the Front,431,Narandera Argus and Riverina Advertiser (NSW : 1893 - 1953),6,1916-03-17,"Detailed lists, results, guides",1378,N,0,https://nla.gov.au/nla.news-article100069208,http://trove.nla.gov.au/newspaper/page/10688239
100069351,Local and General,431,Narandera Argus and Riverina Advertiser (NSW : 1893 - 1953),2,1917-01-19,Article,914,N,0,https://nla.gov.au/nla.news-article100069351,http://trove.nla.gov.au/newspaper/page/10688670
100069390,Narandera Boys at the Front,431,Narandera Argus and Riverina Advertiser (NSW : 1893 - 1953),4,1915-11-16,"Detailed lists, results, guides",1062,N,0,https://nla.gov.au/nla.news-article100069390,http://trove.nla.gov.au/newspaper/page/10688071
100069484,Narandera Boys at the Front,431,Narandera Argus and Riverina Advertiser (NSW : 1893 - 1953),6,1915-10-29,"Detailed lists, results, guides",1029,N,0,https://nla.gov.au/nla.news-article100069484,http://trove.nla.gov.au/newspaper/page/10688047
100069669,Narandera Boys at the Front,431,Narandera Argus and Riverina Advertiser (NSW : 1893 - 1953),6,1915-07-30,"Detailed lists, results, guides",873,N,0,https://nla.gov.au/nla.news-article100069669,http://trove.nla.gov.au/newspaper/page/10687915
100070057,Narandera Boys at the Front,431,Narandera Argus and Riverina Advertiser (NSW : 1893 - 1953),4,1917-07-10,"Detailed lists, results, guides",1856,N,0,https://nla.gov.au/nla.news-article100070057,http://trove.nla.gov.au/newspaper/page/10688920
100070172,Narandera Boys at the Front,431,Narandera Argus and Riverina Advertiser (NSW : 1893 - 1953),8,1916-09-22,"Detailed lists, results, guides",1750,N,0,https://nla.gov.au/nla.news-article100070172,http://trove.nla.gov.au/newspaper/page/10688509
100070326,Narandera Boys at the Front,431,Narandera Argus and Riverina Advertiser (NSW : 1893 - 1953),4,1916-04-18,"Detailed lists, results, guides",1507,N,0,https://nla.gov.au/nla.news-article100070326,http://trove.nla.gov.au/newspaper/page/10688283
100070557,Narandera Boys at the Front,431,Narandera Argus and Riverina Advertiser (NSW : 1893 - 1953),4,1916-02-29,"Detailed lists, results, guides",1403,N,0,https://nla.gov.au/nla.news-article100070557,http://trove.nla.gov.au/newspaper/page/10688213
100070800,Narandera Boys at the Front,431,Narandera Argus and Riverina Advertiser (NSW : 1893 - 1953),4,1915-11-02,"Detailed lists, results, guides",1012,N,0,https://nla.gov.au/nla.news-article100070800,http://trove.nla.gov.au/newspaper/page/10688051
100070907,Narandera Boys at the Front,431,Narandera Argus and Riverina Advertiser (NSW : 1893 - 1953),6,1915-11-19,"Detailed lists, results, guides",1043,N,2,https://nla.gov.au/nla.news-article100070907,http://trove.nla.gov.au/newspaper/page/10688077
100071412,Narandera Boys at the Front,431,Narandera Argus and Riverina Advertiser (NSW : 1893 - 1953),6,1915-10-01,"Detailed lists, results, guides",946,N,0,https://nla.gov.au/nla.news-article100071412,http://trove.nla.gov.au/newspaper/page/10688007
100071568,Narandera Boys at the Front,431,Narandera Argus and Riverina Advertiser (NSW : 1893 - 1953),4,1916-05-16,"Detailed lists, results, guides",1707,N,0,https://nla.gov.au/nla.news-article100071568,http://trove.nla.gov.au/newspaper/page/10688319
100071849,Narandera Boys at the Front,431,Narandera Argus and Riverina Advertiser (NSW : 1893 - 1953),4,1917-04-27,"Detailed lists, results, guides",1983,N,0,https://nla.gov.au/nla.news-article100071849,http://trove.nla.gov.au/newspaper/page/10688810
100071905,Narandera Boys at the Front,431,Narandera Argus and Riverina Advertiser (NSW : 1893 - 1953),6,1916-03-31,"Detailed lists, results, guides",1464,N,0,https://nla.gov.au/nla.news-article100071905,http://trove.nla.gov.au/newspaper/page/10688259
100072031,Narandera Boys at the Front,431,Narandera Argus and Riverina Advertiser (NSW : 1893 - 1953),4,1916-04-04,"Detailed lists, results, guides",1594,N,0,https://nla.gov.au/nla.news-article100072031,http://trove.nla.gov.au/newspaper/page/10688263
100072067,Narandera Boys at the Front,431,Narandera Argus and Riverina Advertiser (NSW : 1893 - 1953),4,1916-04-11,Article,1697,N,13,https://nla.gov.au/nla.news-article100072067,http://trove.nla.gov.au/newspaper/page/10688273
100072075,Narandera Boys at the Front,431,Narandera Argus and Riverina Advertiser (NSW : 1893 - 1953),6,1916-01-21,"Detailed lists, results, guides",1231,N,0,https://nla.gov.au/nla.news-article100072075,http://trove.nla.gov.au/newspaper/page/10688159
100072175,Narandera Boys at the Front,431,Narandera Argus and Riverina Advertiser (NSW : 1893 - 1953),4,1916-06-27,"Detailed lists, results, guides",2494,N,2,https://nla.gov.au/nla.news-article100072175,http://trove.nla.gov.au/newspaper/page/10688381
100072290,Narandera Boys at the Front,431,Narandera Argus and Riverina Advertiser (NSW : 1893 - 1953),6,1916-06-09,"Detailed lists, results, guides",1521,N,1,https://nla.gov.au/nla.news-article100072290,http://trove.nla.gov.au/newspaper/page/10688355
100072437,Narandera Boys at the Front,431,Narandera Argus and Riverina Advertiser (NSW : 1893 - 1953),6,1915-11-05,"Detailed lists, results, guides",1060,N,1,https://nla.gov.au/nla.news-article100072437,http://trove.nla.gov.au/newspaper/page/10688057
100072829,Narandera Boys at the Front,431,Narandera Argus and Riverina Advertiser (NSW : 1893 - 1953),6,1915-09-17,"Detailed lists, results, guides",887,N,0,https://nla.gov.au/nla.news-article100072829,http://trove.nla.gov.au/newspaper/page/10687987
100072939,SPORTING NOTES.,431,Narandera Argus and Riverina Advertiser (NSW : 1893 - 1953),2,1917-12-21,Article,617,N,0,https://nla.gov.au/nla.news-article100072939,http://trove.nla.gov.au/newspaper/page/10689165
100073237,Narandera Boys at the Front,431,Narandera Argus and Riverina Advertiser (NSW : 1893 - 1953),4,1916-09-05,"Detailed lists, results, guides",1679,N,1,https://nla.gov.au/nla.news-article100073237,http://trove.nla.gov.au/newspaper/page/10688481
100073333,Narandera Boys at the Front,431,Narandera Argus and Riverina Advertiser (NSW : 1893 - 1953),6,1916-08-11,"Detailed lists, results, guides",1614,N,0,https://nla.gov.au/nla.news-article100073333,http://trove.nla.gov.au/newspaper/page/10688447
100073364,Narandera Beys at the Front,431,Narandera Argus and Riverina Advertiser (NSW : 1893 - 1953),4,1917-05-04,Article,2074,N,7,https://nla.gov.au/nla.news-article100073364,http://trove.nla.gov.au/newspaper/page/10688820
100073411,Narrandera Boys at the Front.,431,Narandera Argus and Riverina Advertiser (NSW : 1893 - 1953),4,1916-05-09,"Detailed lists, results, guides",1931,N,4,https://nla.gov.au/nla.news-article100073411,http://trove.nla.gov.au/newspaper/page/10688309
100073504,Narandera Boys at the ront,431,Narandera Argus and Riverina Advertiser (NSW : 1893 - 1953),4,1917-12-28,"Detailed lists, results, guides",1626,N,2,https://nla.gov.au/nla.news-article100073504,http://trove.nla.gov.au/newspaper/page/10689173
100073669,Narandera Boys at the Front,431,Narandera Argus and Riverina Advertiser (NSW : 1893 - 1953),4,1917-04-17,"Detailed lists, results, guides",2034,N,0,https://nla.gov.au/nla.news-article100073669,http://trove.nla.gov.au/newspaper/page/10688796
100074317,Narandera Boys at the Front,431,Narandera Argus and Riverina Advertiser (NSW : 1893 - 1953),2,1918-06-25,"Detailed lists, results, guides",1714,N,0,https://nla.gov.au/nla.news-article100074317,http://trove.nla.gov.au/newspaper/page/10689421
100075022,"THE RANT MILLION, PUBLISHED BY SPECIAL ARRANGEMENT. [COPYRIGHT.] CHAPTER XII-(Continued).",431,Narandera Argus and Riverina Advertiser (NSW : 1893 - 1953),3,1919-02-07,Article,3974,N,0,https://nla.gov.au/nla.news-article100075022,http://trove.nla.gov.au/newspaper/page/10689738
100075079,"POLICE COURT. Tuesday, January 20. Before Mr. M. J. McMahon. P.M.",431,Narandera Argus and Riverina Advertiser (NSW : 1893 - 1953),4,1920-01-23,Article,105,N,0,https://nla.gov.au/nla.news-article100075079,http://trove.nla.gov.au/newspaper/page/10690226
100078408,THE RANT MILLION PUBLISHED BY SPECIAL ARRANGEMENT. [COPYRIGHT.] CHAPTER XXIII -(Continued),431,Narandera Argus and Riverina Advertiser (NSW : 1893 - 1953),3,1919-04-04,Article,824,N,0,https://nla.gov.au/nla.news-article100078408,http://trove.nla.gov.au/newspaper/page/10689820
100080441,COLINROOBIE WAR CHEST.,431,Narandera Argus and Riverina Advertiser (NSW : 1893 - 1953),2,1918-07-09,Article,320,N,0,https://nla.gov.au/nla.news-article100080441,http://trove.nla.gov.au/newspaper/page/10689439
10008069,Advertising,13,"The Argus (Melbourne, Vic. : 1848 - 1957)",3,1906-06-26,Advertising,10306,N,0,https://nla.gov.au/nla.news-article10008069,http://trove.nla.gov.au/newspaper/page/344570
100082588,THE RANT MILLION. PUBLISHED BY SPECIAL ARRANGEMENT [COPYRIGHT.] CHAPTER III—(Continued),431,Narandera Argus and Riverina Advertiser (NSW : 1893 - 1953),4,1918-12-31,Article,4007,N,0,https://nla.gov.au/nla.news-article100082588,http://trove.nla.gov.au/newspaper/page/10689682
100083107,SUB SYDNEY LETTER. The P[?]ing Bill.,431,Narandera Argus and Riverina Advertiser (NSW : 1893 - 1953),4,1919-11-28,Article,1100,N,0,https://nla.gov.au/nla.news-article100083107,http://trove.nla.gov.au/newspaper/page/10690161
100084337,Narandera Boys at the Front,431,Narandera Argus and Riverina Advertiser (NSW : 1893 - 1953),4,1918-02-26,"Detailed lists, results, guides",1617,N,2,https://nla.gov.au/nla.news-article100084337,http://trove.nla.gov.au/newspaper/page/10689256
100084560,Narandera Boys at the Front,431,Narandera Argus and Riverina Advertiser (NSW : 1893 - 1953),4,1918-01-29,"Detailed lists, results, guides",1633,N,3,https://nla.gov.au/nla.news-article100084560,http://trove.nla.gov.au/newspaper/page/10689216
100084565,A. J. C. RACES.,431,Narandera Argus and Riverina Advertiser (NSW : 1893 - 1953),2,1918-01-29,Article,526,N,0,https://nla.gov.au/nla.news-article100084565,http://trove.nla.gov.au/newspaper/page/10689214
100084638,Narandera Boys at the Front.,431,Narandera Argus and Riverina Advertiser (NSW : 1893 - 1953),4,1918-06-04,"Detailed lists, results, guides",1694,N,1,https://nla.gov.au/nla.news-article100084638,http://trove.nla.gov.au/newspaper/page/10689391
100085598,Narandera Boys at the Front,431,Narandera Argus and Riverina Advertiser (NSW : 1893 - 1953),4,1918-01-08,"Detailed lists, results, guides",1624,N,2,https://nla.gov.au/nla.news-article100085598,http://trove.nla.gov.au/newspaper/page/10689186
100085767,CRICKET. Narandera v. Hay.,431,Narandera Argus and Riverina Advertiser (NSW : 1893 - 1953),2,1918-02-12,"Detailed lists, results, guides",252,N,0,https://nla.gov.au/nla.news-article100085767,http://trove.nla.gov.au/newspaper/page/10689234
100086372,"THE RANT MILLION, PUBLISHED BY SPECIAL ARRANGEMENT. [COPYRIGHT.] CHAPTER I-(Continued).",431,Narandera Argus and Riverina Advertiser (NSW : 1893 - 1953),3,1918-12-20,Article,4086,N,0,https://nla.gov.au/nla.news-article100086372,http://trove.nla.gov.au/newspaper/page/10689671
100086704,THE RANT MILLION. PUBLISHED BY SPECIAL ARRANGEMENT [COPYRIGHT.] CHAPTER XIV.,431,Narandera Argus and Riverina Advertiser (NSW : 1893 - 1953),3,1919-02-14,Article,4162,N,0,https://nla.gov.au/nla.news-article100086704,http://trove.nla.gov.au/newspaper/page/10689748
100087490,Narandera Boys at the Front,431,Narandera Argus and Riverina Advertiser (NSW : 1893 - 1953),6,1918-11-15,"Detailed lists, results, guides",1760,N,0,https://nla.gov.au/nla.news-article100087490,http://trove.nla.gov.au/newspaper/page/10689625
100087526,Narandera Boys at the Front,431,Narandera Argus and Riverina Advertiser (NSW : 1893 - 1953),6,1918-04-26,"Detailed lists, results, guides",1662,N,0,https://nla.gov.au/nla.news-article100087526,http://trove.nla.gov.au/newspaper/page/10689337
100087922,RAILWAY PORTER FINED ON TWO CHARGES,369,Goulburn Evening Post (NSW : 1940 - 1954),1 S,1951-05-01,Article,614,N,0,https://nla.gov.au/nla.news-article100087922,http://trove.nla.gov.au/newspaper/page/9579824
100088085,GENERAL SOCIAL JOTTINGS,369,Goulburn Evening Post (NSW : 1940 - 1954),6 S,1951-02-07,Article,825,N,2,https://nla.gov.au/nla.news-article100088085,http://trove.nla.gov.au/newspaper/page/9579462
100088336,DEATH YESTERDAY OF HON. M. E. MANFRED,369,Goulburn Evening Post (NSW : 1940 - 1954),3 S,1951-02-26,Article,615,N,0,https://nla.gov.au/nla.news-article100088336,http://trove.nla.gov.au/newspaper/page/9579537
100088454,Heavy Fines For Overloading,369,Goulburn Evening Post (NSW : 1940 - 1954),1 S,1951-06-06,Article,137,N,1,https://nla.gov.au/nla.news-article100088454,http://trove.nla.gov.au/newspaper/page/9580010
100088514,REQUEST TO REDS,369,Goulburn Evening Post (NSW : 1940 - 1954),2 S,1951-04-05,Article,47,N,0,https://nla.gov.au/nla.news-article100088514,http://trove.nla.gov.au/newspaper/page/9579705
100088529,Advertising,369,Goulburn Evening Post (NSW : 1940 - 1954),4 S,1951-04-05,Advertising,3352,N,0,https://nla.gov.au/nla.news-article100088529,http://trove.nla.gov.au/newspaper/page/9579707
100088542,Jesse James' Film,369,Goulburn Evening Post (NSW : 1940 - 1954),1 S,1951-04-05,Article,85,N,0,https://nla.gov.au/nla.news-article100088542,http://trove.nla.gov.au/newspaper/page/9579704
100088552,JIMMY CARLTON DEAD,369,Goulburn Evening Post (NSW : 1940 - 1954),3 S,1951-04-05,Article,149,N,0,https://nla.gov.au/nla.news-article100088552,http://trove.nla.gov.au/newspaper/page/9579706
100088811,Magnolia Satin For Bridal Gown,369,Goulburn Evening Post (NSW : 1940 - 1954),6 S,1951-01-24,Article,369,N,0,https://nla.gov.au/nla.news-article100088811,http://trove.nla.gov.au/newspaper/page/9579402
100088892,CHILDREN FAVOUR PLAY CENTRE,369,Goulburn Evening Post (NSW : 1940 - 1954),1 S,1951-01-04,Article,184,N,0,https://nla.gov.au/nla.news-article100088892,http://trove.nla.gov.au/newspaper/page/9579313
100089301,Honeymoon On North Coast,369,Goulburn Evening Post (NSW : 1940 - 1954),2 S,1951-04-24,Article,246,N,0,https://nla.gov.au/nla.news-article100089301,http://trove.nla.gov.au/newspaper/page/9579791
100089305,Engagements Announced,369,Goulburn Evening Post (NSW : 1940 - 1954),2 S,1951-04-24,Article,128,N,0,https://nla.gov.au/nla.news-article100089305,http://trove.nla.gov.au/newspaper/page/9579791
100089396,U.S. Senators' Friendship For Russians,369,Goulburn Evening Post (NSW : 1940 - 1954),3 S,1951-02-09,Article,103,N,0,https://nla.gov.au/nla.news-article100089396,http://trove.nla.gov.au/newspaper/page/9579471
100089428,TENNIS RESULTS DIVISION 1,369,Goulburn Evening Post (NSW : 1940 - 1954),3 S,1951-06-04,"Detailed lists, results, guides",285,N,0,https://nla.gov.au/nla.news-article100089428,http://trove.nla.gov.au/newspaper/page/9579996
100089633,INTER. RESULTS COUNTRY,369,Goulburn Evening Post (NSW : 1940 - 1954),1 S,1951-01-25,"Detailed lists, results, guides",663,N,0,https://nla.gov.au/nla.news-article100089633,http://trove.nla.gov.au/newspaper/page/9579403
100090075,N. GOULBURN TRAGEDY £247 Subscribed,369,Goulburn Evening Post (NSW : 1940 - 1954),3 S,1951-03-19,"Detailed lists, results, guides",497,N,0,https://nla.gov.au/nla.news-article100090075,http://trove.nla.gov.au/newspaper/page/9579635
100090237,Family Notices,369,Goulburn Evening Post (NSW : 1940 - 1954),4 S,1951-04-02,Family Notices,384,N,5,https://nla.gov.au/nla.news-article100090237,http://trove.nla.gov.au/newspaper/page/9579689
100090262,APPRENTICES SCORE AT LOCAL RACES,369,Goulburn Evening Post (NSW : 1940 - 1954),3 S,1951-03-26,"Detailed lists, results, guides",760,N,0,https://nla.gov.au/nla.news-article100090262,http://trove.nla.gov.au/newspaper/page/9579660
100090393,SCHOOL EXAMS.,369,Goulburn Evening Post (NSW : 1940 - 1954),2 S,1951-06-26,"Detailed lists, results, guides",87,N,0,https://nla.gov.au/nla.news-article100090393,http://trove.nla.gov.au/newspaper/page/9580113
100090565,Fines For 3 Drivers,369,Goulburn Evening Post (NSW : 1940 - 1954),1 S,1951-02-13,Article,365,N,0,https://nla.gov.au/nla.news-article100090565,http://trove.nla.gov.au/newspaper/page/9579481
100090822,MODERN METHOD WON THE DAY,369,Goulburn Evening Post (NSW : 1940 - 1954),3 S,1951-05-09,Article,103,N,0,https://nla.gov.au/nla.news-article100090822,http://trove.nla.gov.au/newspaper/page/9579868
100090965,SPORT NEWS Local Men In 1909 Cycle Ride... Yass And 'Flat' Get R.L. Coaches.,369,Goulburn Evening Post (NSW : 1940 - 1954),6 S,1951-03-29,Article,526,N,0,https://nla.gov.au/nla.news-article100090965,http://trove.nla.gov.au/newspaper/page/9579679
100091129,FLOWER SHOW HELD AT COLLECTOR,369,Goulburn Evening Post (NSW : 1940 - 1954),1 S,1951-04-19,"Detailed lists, results, guides",1038,N,0,https://nla.gov.au/nla.news-article100091129,http://trove.nla.gov.au/newspaper/page/9579766
100091636,FROM EVERYWHERE Crossfire,369,Goulburn Evening Post (NSW : 1940 - 1954),2 S,1951-01-18,Article,437,N,0,https://nla.gov.au/nla.news-article100091636,http://trove.nla.gov.au/newspaper/page/9579374
10009164,BOWLS. FOUR-RINK COMPETITION. SECTION A.,13,"The Argus (Melbourne, Vic. : 1848 - 1957)",7,1906-02-19,"Detailed lists, results, guides",1269,N,0,https://nla.gov.au/nla.news-article10009164,http://trove.nla.gov.au/newspaper/page/343847
100091807,Britain Will Not Stand Idle Tension Grows In Persia,369,Goulburn Evening Post (NSW : 1940 - 1954),5 S,1951-06-21,Article,853,N,0,https://nla.gov.au/nla.news-article100091807,http://trove.nla.gov.au/newspaper/page/9580092
100091955,LOCAL BOYS IN G.P.S. REGATTA,369,Goulburn Evening Post (NSW : 1940 - 1954),3 S,1951-04-16,Article,98,N,2,https://nla.gov.au/nla.news-article100091955,http://trove.nla.gov.au/newspaper/page/9579750
100092117,FROM EVERYWHERE Application Refused.,369,Goulburn Evening Post (NSW : 1940 - 1954),2 S,1951-02-08,Article,485,N,0,https://nla.gov.au/nla.news-article100092117,http://trove.nla.gov.au/newspaper/page/9579464
100092185,RESULTS OF WINTER TENNIS PLAY,369,Goulburn Evening Post (NSW : 1940 - 1954),2 S,1951-06-25,"Detailed lists, results, guides",928,N,0,https://nla.gov.au/nla.news-article100092185,http://trove.nla.gov.au/newspaper/page/9580105
100092408,TWO NEW BOWLERS FOR M.C.C. TEAM,369,Goulburn Evening Post (NSW : 1940 - 1954),6 S,1951-01-09,Article,160,N,0,https://nla.gov.au/nla.news-article100092408,http://trove.nla.gov.au/newspaper/page/9579336
100092419,Two Fined For Overloading,369,Goulburn Evening Post (NSW : 1940 - 1954),1 S,1951-01-09,Article,109,N,0,https://nla.gov.au/nla.news-article100092419,http://trove.nla.gov.au/newspaper/page/9579331
100092511,GOULBURN MAN HONOURED,369,Goulburn Evening Post (NSW : 1940 - 1954),3 S,1951-04-11,Article,176,N,0,https://nla.gov.au/nla.news-article100092511,http://trove.nla.gov.au/newspaper/page/9579730
100092542,"ONE KILLED, ONE HURT IN SOUTHERN SHOOTING ACCIDENTS",369,Goulburn Evening Post (NSW : 1940 - 1954),1 S,1951-01-01,Article,435,N,0,https://nla.gov.au/nla.news-article100092542,http://trove.nla.gov.au/newspaper/page/9579297
100093202,FROM EVERYWHERE Show Hot Water.,369,Goulburn Evening Post (NSW : 1940 - 1954),2 S,1951-02-16,Article,809,N,1,https://nla.gov.au/nla.news-article100093202,http://trove.nla.gov.au/newspaper/page/9579500
10009330,"WEDNESDAY, NOVEMBER 1, 1965.",13,"The Argus (Melbourne, Vic. : 1848 - 1957)",6,1905-11-01,Article,7955,N,6,https://nla.gov.au/nla.news-article10009330,http://trove.nla.gov.au/newspaper/page/342210
100093397,Advertising,369,Goulburn Evening Post (NSW : 1940 - 1954),4 S,1951-01-22,Advertising,2845,N,0,https://nla.gov.au/nla.news-article100093397,http://trove.nla.gov.au/newspaper/page/9579388
100093459,BRITISH EVACUATION OF PERSIA,369,Goulburn Evening Post (NSW : 1940 - 1954),5 S,1951-06-27,Article,818,N,0,https://nla.gov.au/nla.news-article100093459,http://trove.nla.gov.au/newspaper/page/9580122
100093612,Advertising,369,Goulburn Evening Post (NSW : 1940 - 1954),4 S,1951-04-04,Advertising,3523,N,0,https://nla.gov.au/nla.news-article100093612,http://trove.nla.gov.au/newspaper/page/9579701
100093741,OBITUARY MR. T. CONNOLLY,369,Goulburn Evening Post (NSW : 1940 - 1954),4 S,1951-05-15,Article,668,N,1,https://nla.gov.au/nla.news-article100093741,http://trove.nla.gov.au/newspaper/page/9579893
100093894,"SOAP BOX DERBY ""FEVER"" GROWING",369,Goulburn Evening Post (NSW : 1940 - 1954),5 S,1951-04-23,Article,597,N,1,https://nla.gov.au/nla.news-article100093894,http://trove.nla.gov.au/newspaper/page/9579786
100093976,ABSORBING RITZ THEATRE FILM,369,Goulburn Evening Post (NSW : 1940 - 1954),8 S,1951-05-23,Article,155,N,0,https://nla.gov.au/nla.news-article100093976,http://trove.nla.gov.au/newspaper/page/9579941
100094391,SPORT NEWS Brotherly Love Was Lacking.. More Cricket Umpires Wanted..,369,Goulburn Evening Post (NSW : 1940 - 1954),2 S,1951-05-31,Article,575,N,0,https://nla.gov.au/nla.news-article100094391,http://trove.nla.gov.au/newspaper/page/9579979
100094595,WORLD UNREST PREDOMINATES DURING 1950,369,Goulburn Evening Post (NSW : 1940 - 1954),2 S,1951-01-02,Article,1572,N,0,https://nla.gov.au/nla.news-article100094595,http://trove.nla.gov.au/newspaper/page/9579302
100095028,ODEON WESTERN,369,Goulburn Evening Post (NSW : 1940 - 1954),2 S,1951-04-09,Article,146,N,0,https://nla.gov.au/nla.news-article100095028,http://trove.nla.gov.au/newspaper/page/9579717
100095113,FROM EVERYWHERE Night Carnival.,369,Goulburn Evening Post (NSW : 1940 - 1954),4 S,1951-06-22,Article,339,N,0,https://nla.gov.au/nla.news-article100095113,http://trove.nla.gov.au/newspaper/page/9580099
100095178,Advertising,369,Goulburn Evening Post (NSW : 1940 - 1954),4 S,1951-01-19,Advertising,3213,N,0,https://nla.gov.au/nla.news-article100095178,http://trove.nla.gov.au/newspaper/page/9579382
100095223,AT THE ODEON,369,Goulburn Evening Post (NSW : 1940 - 1954),2 S,1951-04-06,Article,97,N,0,https://nla.gov.au/nla.news-article100095223,http://trove.nla.gov.au/newspaper/page/9579711
100095389,GENERAL SOCIAL JOTTINGS,369,Goulburn Evening Post (NSW : 1940 - 1954),6 S,1951-01-10,Article,851,N,2,https://nla.gov.au/nla.news-article100095389,http://trove.nla.gov.au/newspaper/page/9579342
100095390,FIGURED SATIN FOR THE BRIDE,369,Goulburn Evening Post (NSW : 1940 - 1954),6 S,1951-01-10,Article,412,N,0,https://nla.gov.au/nla.news-article100095390,http://trove.nla.gov.au/newspaper/page/9579342
100095405,RAY BLADWELL ON DEPARTURE FROM GOULBURN,369,Goulburn Evening Post (NSW : 1940 - 1954),6 S,1951-01-10,Article,445,N,0,https://nla.gov.au/nla.news-article100095405,http://trove.nla.gov.au/newspaper/page/9579342
10009545,"SANDOWN-PARK RACING CLUB HANDICAPS. SATURDAY, APRIL 28.",13,"The Argus (Melbourne, Vic. : 1848 - 1957)",7,1906-04-26,Article,537,N,0,https://nla.gov.au/nla.news-article10009545,http://trove.nla.gov.au/newspaper/page/343312
100095617,FROM EVERYWHERE District Conference.,369,Goulburn Evening Post (NSW : 1940 - 1954),4 S,1951-06-29,Article,483,N,0,https://nla.gov.au/nla.news-article100095617,http://trove.nla.gov.au/newspaper/page/9580137
100095933,BETTE DAVIS AT RITZ,369,Goulburn Evening Post (NSW : 1940 - 1954),2 S,1951-05-22,Article,165,N,0,https://nla.gov.au/nla.news-article100095933,http://trove.nla.gov.au/newspaper/page/9579929
100096209,"JOAN FONTAINE ""FREE"" AGAIN",369,Goulburn Evening Post (NSW : 1940 - 1954),3 S,1951-01-26,Article,72,N,0,https://nla.gov.au/nla.news-article100096209,http://trove.nla.gov.au/newspaper/page/9579411
100096384,St. Patrick's Old Boys' Re-union,369,Goulburn Evening Post (NSW : 1940 - 1954),3 S,1951-06-13,Article,426,N,0,https://nla.gov.au/nla.news-article100096384,http://trove.nla.gov.au/newspaper/page/9580046
100096410,OVER £900 RAISED BY APEX DERBY Bowral Car Scoops Pool 4000 PEOPLE LINE COURSE,369,Goulburn Evening Post (NSW : 1940 - 1954),1 S,1951-04-26,"Detailed lists, results, guides",1188,N,1,https://nla.gov.au/nla.news-article100096410,http://trove.nla.gov.au/newspaper/page/9579802
100096549,PERSONAL,369,Goulburn Evening Post (NSW : 1940 - 1954),2 S,1951-01-12,Article,44,N,1,https://nla.gov.au/nla.news-article100096549,http://trove.nla.gov.au/newspaper/page/9579350
100096610,AUSTRALIAN OFFICER HONOURED,369,Goulburn Evening Post (NSW : 1940 - 1954),5 S,1951-05-02,Article,116,N,0,https://nla.gov.au/nla.news-article100096610,http://trove.nla.gov.au/newspaper/page/9579834
100096642,GENERAL SOCIAL JOTTINGS,369,Goulburn Evening Post (NSW : 1940 - 1954),2 S,1951-05-02,Article,715,N,0,https://nla.gov.au/nla.news-article100096642,http://trove.nla.gov.au/newspaper/page/9579831
100096839,"[Selections by ""WATERLOO""]",368,Goulburn Evening Penny Post (NSW : 1881 - 1940),8 S,1939-04-21,"Detailed lists, results, guides",86,N,0,https://nla.gov.au/nla.news-article100096839,http://trove.nla.gov.au/newspaper/page/9855403
100096842,GREYHOUND RACING Show Club to Resume Operation on Saturday SEVEN EVENTS,368,Goulburn Evening Penny Post (NSW : 1881 - 1940),8 S,1939-04-21,"Detailed lists, results, guides",174,N,0,https://nla.gov.au/nla.news-article100096842,http://trove.nla.gov.au/newspaper/page/9855403
100097059,Advertising,368,Goulburn Evening Penny Post (NSW : 1881 - 1940),6 S,1939-02-03,Advertising,3177,N,0,https://nla.gov.au/nla.news-article100097059,http://trove.nla.gov.au/newspaper/page/9854968
100097068,HOYTS RITZ Three Night Programme,368,Goulburn Evening Penny Post (NSW : 1881 - 1940),2 S,1939-02-03,Article,606,N,0,https://nla.gov.au/nla.news-article100097068,http://trove.nla.gov.au/newspaper/page/9854964
100097216,Advertising,368,Goulburn Evening Penny Post (NSW : 1881 - 1940),6 S,1939-06-22,Advertising,2456,N,0,https://nla.gov.au/nla.news-article100097216,http://trove.nla.gov.au/newspaper/page/9855753
100097375,No Easy Task Directors And Actors,368,Goulburn Evening Penny Post (NSW : 1881 - 1940),3 S,1939-04-04,Article,265,N,0,https://nla.gov.au/nla.news-article100097375,http://trove.nla.gov.au/newspaper/page/9855303
100098022,SEEN BEHIND THE SCREENS Hollywood Releases For Next Six Months Filmfare Has Been More Than Up To Standard Is Claim Of Producers,368,Goulburn Evening Penny Post (NSW : 1881 - 1940),3 S,1939-05-17,Article,787,N,0,https://nla.gov.au/nla.news-article100098022,http://trove.nla.gov.au/newspaper/page/9855542
100099010,Advertising,368,Goulburn Evening Penny Post (NSW : 1881 - 1940),6 S,1939-06-23,Advertising,3446,N,1,https://nla.gov.au/nla.news-article100099010,http://trove.nla.gov.au/newspaper/page/9855761
100099060,HAL ROACHE'S DISCOVERY,368,Goulburn Evening Penny Post (NSW : 1881 - 1940),3 S,1939-01-31,Article,101,N,0,https://nla.gov.au/nla.news-article100099060,http://trove.nla.gov.au/newspaper/page/9854941
100099743,Advertising,368,Goulburn Evening Penny Post (NSW : 1881 - 1940),2 S,1939-04-05,Advertising,1013,N,0,https://nla.gov.au/nla.news-article100099743,http://trove.nla.gov.au/newspaper/page/9855310
100099825,PERSONAL,368,Goulburn Evening Penny Post (NSW : 1881 - 1940),4 S,1939-02-23,Article,241,N,0,https://nla.gov.au/nla.news-article100099825,http://trove.nla.gov.au/newspaper/page/9855078
100099967,From Everywhere Traffic Case.,368,Goulburn Evening Penny Post (NSW : 1881 - 1940),4 S,1939-01-09,Article,514,N,0,https://nla.gov.au/nla.news-article100099967,http://trove.nla.gov.au/newspaper/page/9854816
10010016,Advertising,13,"The Argus (Melbourne, Vic. : 1848 - 1957)",1,1906-01-19,Advertising,22980,N,1,https://nla.gov.au/nla.news-article10010016,http://trove.nla.gov.au/newspaper/page/343174
100100773,ATHLETIC CHAMPIONSHIPS Brian Dunn Unplaced In 220 Yards State Title BOOT WINS HALF MILE,368,Goulburn Evening Penny Post (NSW : 1881 - 1940),7 S,1939-02-13,"Detailed lists, results, guides",386,N,0,https://nla.gov.au/nla.news-article100100773,http://trove.nla.gov.au/newspaper/page/9855017
100101908,GREYHOUND RACING Draw For Saturday,368,Goulburn Evening Penny Post (NSW : 1881 - 1940),7 S,1939-01-13,Article,176,N,0,https://nla.gov.au/nla.news-article100101908,http://trove.nla.gov.au/newspaper/page/9854851
100101930,"[Selections by ""WATERLOO""]",368,Goulburn Evening Penny Post (NSW : 1881 - 1940),7 S,1939-01-13,"Detailed lists, results, guides",83,N,0,https://nla.gov.au/nla.news-article100101930,http://trove.nla.gov.au/newspaper/page/9854851
100101963,QUEANBEYAN COURSING Draw For Saturday Night,368,Goulburn Evening Penny Post (NSW : 1881 - 1940),8 S,1939-01-13,"Detailed lists, results, guides",168,N,0,https://nla.gov.au/nla.news-article100101963,http://trove.nla.gov.au/newspaper/page/9854852
